District,Year,NDVI,EVI,GNDVI,S2REP,WDBI,Yield (Tonne/Hectare)
Anuppur,2005,0.3316066603933621,0.2449247286169288,0.4040393798375954,515.3800609963432,0.474141410035569,0.71
Anuppur,2006,0.3353556343284157,0.2093342345858868,0.4100590588969545,608.54656425749,0.4417055963397935,0.74
Anuppur,2007,0.3111408475995377,0.2330286302531981,0.3893085696260892,570.0991449408571,0.4690264960647711,0.69
Anuppur,2008,0.3203993354388585,0.1972387274458266,0.3994281749541592,579.4852102813659,0.4426186762273084,0.73
Anuppur,2010,0.3535180665194925,0.2185824426178604,0.4306572456059884,577.6093547296546,0.4182736964674631,0.64
Anuppur,2011,0.33500213695138,0.198887703369473,0.4187097088506725,550.7877957360679,0.4213741616673407,1.27
Anuppur,2012,0.3524517966197465,0.2130429612175333,0.4173828527453549,625.6573854963124,0.4280016801789222,1.53
Anuppur,2013,0.3701846962137113,0.2227017222067157,0.4324578490480397,547.6383801734252,0.4130612083445573,1.27
Anuppur,2014,0.4143928733104913,0.2417530041638451,0.4663943132191315,526.7683433085523,0.3837864333163459,1.97
Anuppur,2015,0.4184474535222951,0.2459253929965923,0.4654559389129556,596.1563661978654,0.3878582261689811,1.77
Anuppur,2016,0.3503984110550901,1258904.6906090504,0.416319531341576,551.1064715510611,0.4270446467334028,1.96
Anuppur,2017,0.3921138474389843,0.2350555317874439,0.4566757184707105,613.2780637252747,0.4007230609113902,3.64
Anuppur,2018,0.3753043640996764,0.2277850740973735,0.4431591155530816,597.9143254831993,0.4082551397558709,1.77
Anuppur,2019,0.3690030189012105,0.2235230575397227,0.433069718833399,566.9667910713626,0.4143005614040312,1.62
Anuppur,2020,0.4454386990539385,0.2699829186452738,0.4767028908570331,579.0991694346767,0.3865083404673397,1.58
Anuppur,2021,0.4101391808530819,0.2448687495450629,0.4626797738208906,635.0309241921877,0.3911709862627814,2.16
Anuppur,2022,0.4292545973518586,0.2608166553415777,0.470564929024036,625.7161093230096,0.3885795417927274,2.25
Ashoknagar,2005,0.2614473404500832,0.1676484249743191,0.3341197778580903,540.1467330281496,0.5340456599402503,1.27
Ashoknagar,2006,0.3242140604396842,0.20763284706571,0.3915484314124387,563.566040012867,0.5058361024512484,1.25
Ashoknagar,2007,0.2970866295327748,0.1984680034164463,0.3629482555429603,594.5272289397453,0.5130858787196686,1.14
Ashoknagar,2008,0.3073740122628662,0.1945689711471525,0.3847568443729361,546.6954430751196,0.4945272048596057,1.4
Ashoknagar,2010,0.3120662712277297,0.1922430268214866,0.3826789720395971,652.5557622224939,0.4782380324105038,1.75
Ashoknagar,2011,0.2972024980020741,0.188114637382303,0.3777652687809806,637.4329419377086,0.4881201503058764,2.36
Ashoknagar,2012,0.3290361293100206,0.2146160893254333,0.3920588881785563,680.8217515021222,0.4967712262055666,2.59
Ashoknagar,2013,0.3481204398906376,0.2302943521007097,0.4077761059140531,690.3809267712126,0.4848872133750499,2.51
Ashoknagar,2014,0.3994348531792946,0.2440264755067798,0.4345073034925119,669.7429252766411,0.4483523970048033,2.8
Ashoknagar,2015,0.3640280739521047,0.2214315280194881,0.4124740170882265,656.3713591665521,0.4783470317152,2.58
Ashoknagar,2016,0.3453887000790017,0.2088200815054579,0.4078467439240871,651.0029603102994,0.476457616938025,2.47
Ashoknagar,2017,0.3652350452311957,0.2276699017888759,0.4213220115491188,692.3844396504494,0.4917022343088948,3.27
Ashoknagar,2018,0.3535104145437725,0.2315525550678062,0.4158079512247553,677.5640671810082,0.4987637805841932,3.36
Ashoknagar,2019,0.3531230623515317,0.2259898598656637,0.4089436043835813,676.0561747662923,0.4601400585775276,3.83
Ashoknagar,2020,0.4403399185179326,0.2843006097749297,0.4560449771625608,818.3759579773181,0.4339047022220765,3.38
Ashoknagar,2021,0.3734675009083197,0.2365770673991834,0.4207399415839564,742.1309719094451,0.4557191658221513,3.55
Ashoknagar,2022,0.4425710998381427,0.2831435193598846,0.4646548101339032,797.6106556259117,0.445562369715244,3.55
Balaghat,2005,0.4719151157464856,0.2713201324157918,0.5041822980112814,797.9139505021383,0.3583539967730834,0.96
Balaghat,2006,0.4794437361240212,0.2706659074773447,0.5139657919473868,727.7125789643114,0.346798773620838,0.76
Balaghat,2007,0.4832647272121514,0.2814758636173693,0.51274672638648,844.8624908218775,0.3483807050910939,0.9
Balaghat,2008,0.4861776391697421,0.2782349387678002,0.5167062340704139,756.5690470475721,0.3426311709020223,0.81
Balaghat,2010,0.525858631377229,0.3026429266175892,0.5615211620878527,860.3845889315869,0.3103372443924677,1.52
Balaghat,2011,0.490226624971795,0.2637320142087421,0.5387937198681654,775.2206643652651,0.3260669437734562,1.19
Balaghat,2012,0.4840044345070639,0.2814992255389859,0.5122485563368342,775.5238077529405,0.3450431113051037,1.29
Balaghat,2013,0.4739520693755688,0.2653137552444444,0.5041865796752556,698.9103645185559,0.3506867629783249,1.3
Balaghat,2014,0.5211901515445365,0.2883370853768339,0.5352666895770293,758.3045674155026,0.3262785350063631,1.47
Balaghat,2015,0.5376758351244935,0.3007460087698387,0.5503847221345156,764.9647260387728,0.3134370914262471,1.35
Balaghat,2016,0.5012318119284088,0.2875478340040717,0.5189704084766638,787.8681182687052,0.3381442723199776,1.83
Balaghat,2017,0.5030873490891301,0.2874200138958446,0.5327657761016533,812.9588513485741,0.3359451326372962,2.49
Balaghat,2018,0.4972399763227719,0.2812946133437191,0.5284979106513404,765.6326068299586,0.3351899461030329,1.32
Balaghat,2019,0.5092323476386208,0.2874391678748175,0.5283316032266325,811.6610491306141,0.3336308845961486,1.65
Balaghat,2020,0.5598054987383185,2046.112387745433,0.5483539496457115,842.0099409126858,0.3212590466481559,2.71
Balaghat,2021,0.5099352837891712,0.2894930646871401,0.5286755822871821,803.6816544884178,0.3397646290696591,2.05
Balaghat,2022,0.5550289785760806,0.3157686878672266,0.5630865829877221,889.1928573017466,0.3148094932212666,2.15
Barwani,2005,0.2346301855520847,0.1412290711669462,0.3432569303741844,606.2844612008751,0.542872700520124,1.18
Barwani,2006,0.2406151548134751,0.1401701268114682,0.3650827547264723,633.8061034750834,0.5257488890244415,1.94
Barwani,2007,0.259663360176967,0.1505798397254695,0.3665622027750104,628.402197974594,0.5213069378372459,1.51
Barwani,2008,0.2411554868277666,0.1457884700628353,0.3503818557528092,615.1894789551391,0.5410488133933475,2.45
Barwani,2010,0.2856755970031327,0.1671199389964062,0.3824829927085383,566.3566360573227,0.4990660878396042,2.18
Barwani,2011,0.2866602031316012,0.2367305144532932,0.376795528671296,566.9430876096208,0.5312433602825801,3.57
Barwani,2012,0.2456549680782967,0.1530412856408653,0.3550171398224515,624.713945592813,0.5430934351514718,3.02
Barwani,2013,0.2368206599239208,0.1529742192434928,0.3433154431363686,614.6685439602146,0.5471944509460724,2.88
Barwani,2014,0.3247442115446323,0.187549225310498,0.4070452995157029,648.8625780422284,0.4744962381595963,3.12
Barwani,2015,0.3127468085573407,0.1763929916449745,0.3991582637552153,645.6850786431237,0.48091772089053,3.28
Barwani,2016,0.3029109057964069,0.1772923346394133,0.395507154115055,625.009214032989,0.4980498417123833,3.58
Barwani,2017,0.3272708668378546,0.1911508763946614,0.4290074209628728,637.0371679665404,0.4698484846945009,3.55
Barwani,2018,0.3319787249879128,0.1986643381991221,0.4114704294770728,649.9147123150206,0.4742075490942228,3.77
Barwani,2019,0.3036563892307175,0.1839965263891332,0.403193060010415,635.8282860918473,0.4954949462167739,4.11
Barwani,2020,0.3469100485811907,0.2081240808772684,0.4145715276768343,703.1158298285669,0.4735658207004176,4.19
Barwani,2021,0.3473504730802456,0.2028497294488015,0.4076041136243831,653.3983407631362,0.469657200022073,3.85
Barwani,2022,0.3647044869554177,0.2124874026874823,0.430612403113422,639.1325802751757,0.4551774109348323,3.85
Betul,2005,0.3249981374415938,0.2077881947559294,0.3970151331319722,657.803296157099,0.4665957204309467,1.56
Betul,2006,0.4052372474344831,0.229909972370919,0.4815152401695973,651.472144115305,0.396635034206242,1.55
Betul,2007,0.3465506993465334,0.198094866023901,0.4287995872040713,657.8815611639504,0.4309657409907654,1.55
Betul,2008,0.3622122144068171,0.2120570719588979,0.4373405294032412,633.2701518479446,0.4325191379009334,1.59
Betul,2010,0.4246291521045952,0.2474018080164879,0.4913324962503617,728.4988831531552,0.3768931836599817,1.18
Betul,2011,0.3101406478880036,0.206288195449895,0.4070959100494156,638.0809245367257,0.4542133455705707,2.11
Betul,2012,0.3180847396598912,0.1911116252169078,0.4030763854775079,644.528753106383,0.4526615630612083,2.24
Betul,2013,0.3365662616531388,0.1971931077895005,0.4155958804818239,646.407465429107,0.4448692615533255,1.89
Betul,2014,0.409658218243954,0.2281122187299053,0.4626345783665938,669.721365283175,0.3951628336594539,2.47
Betul,2015,0.4305235469855611,0.2328950905594897,0.476355254565951,629.6816126667864,0.3836955136342425,2.47
Betul,2016,0.3734076852701189,0.2100876210258093,0.4422123302874377,638.8171638637252,0.4205350154652849,2.65
Betul,2017,0.4094671446503516,-148108.9408741353,0.4807429413168778,690.0852523681108,0.397300840273022,2.66
Betul,2018,0.403010378171206,0.2290760841134831,0.4736291607158662,699.4140894059437,0.3929237462793132,3.25
Betul,2019,0.3700653642489708,0.220379110626813,0.4523755588335845,658.6656595085861,0.4219970466154507,2.62
Betul,2020,0.4608318027375211,-359240.94330102834,0.4946822928277687,799.3033115633324,0.3720948422018413,3.29
Betul,2021,0.3964810312334448,0.2214906253153449,0.455429425957815,666.1495876568883,0.4039440006671557,2.86
Betul,2022,0.422357003412722,0.2438589352652283,0.4737020242845693,704.6431672066002,0.3949074104731784,2.86
Bhind,2005,0.2995145176555424,0.2228862217030658,0.3591245507580206,672.5443782321064,0.5145778710479866,1.98
Bhind,2006,0.3204600804721736,0.2363775278867169,0.3738940802071375,682.2800354139059,0.5089689052812147,1.85
Bhind,2007,0.2417792718165288,0.1869257971833327,0.3150484650027167,607.0019700265101,0.5533730472495925,1.39
Bhind,2008,0.2496558390942508,0.1832246051962605,0.3177679746876873,690.3425619964057,0.5529871987799037,2.12
Bhind,2010,0.2723020454892464,0.1988272225927616,0.3338567818062282,656.2020698091955,0.536597447926764,2.06
Bhind,2011,0.2687608907212733,0.1815224905850959,0.3526182722682555,582.8860658168661,0.5097964546870507,3.21
Bhind,2012,0.2983724645083232,0.2488727025625766,0.3497567730076322,730.2676258516024,0.5462652249849633,3.78
Bhind,2013,0.3540811538311932,0.2507334915541745,0.3964299729666758,731.688460628531,0.4795293261912312,3.55
Bhind,2014,0.4009259602243848,0.257921025090527,0.4279725490703104,698.2076130323723,0.4388386040659858,3.97
Bhind,2015,0.3726701103986815,0.2536441053470415,0.4107132522408292,715.8312775808824,0.4572360546508801,3.81
Bhind,2016,0.3557045582523936,0.2439883958245312,0.3950338797159021,700.7357012320497,0.4766591562615984,4.01
Bhind,2017,0.376223441384002,0.2567739039562925,0.4170624065942335,704.5006285677059,0.4600473385774928,4.22
Bhind,2018,0.3569613187871051,0.2426967268193884,0.4025505724983468,726.8990911041349,0.4734756019702512,4.22
Bhind,2019,0.3510273402112001,-985954.7299877852,0.3896830906590399,690.2016655276176,0.4905833450965944,3.56
Bhind,2020,0.4840538539445836,0.3351706364638708,0.4708743461079732,909.953717180596,0.4116666313745044,3.98
Bhind,2021,0.3771028951408714,86824.25565768966,0.4138750938115707,734.3350278974052,0.465921812254285,4.84
Bhind,2022,0.4131042797815641,356530.2476494016,0.4353972987718406,769.9748942855114,0.4546614158772368,4.55
Bhopal,2005,0.313449309674096,0.1882780898826614,0.3797991469512528,643.227772733736,0.5005812826167392,1.77
Bhopal,2006,0.3514165093917476,0.2200404376918812,0.412960480186339,657.4768156159821,0.4936673087270984,1.81
Bhopal,2007,0.3179344290822333,0.2243254372127812,0.3768777580438687,661.0229199309617,0.5206147500627814,1.76
Bhopal,2008,0.3263798798580003,0.2075994378827249,0.4033467760284535,634.1097550599146,0.4905071429559419,1.88
Bhopal,2010,0.3950886018204437,0.236829111927303,0.4486710133116715,734.7358249416309,0.4335876117904518,1.69
Bhopal,2011,0.3596618604020271,0.2708930575724691,0.4266233089738533,724.4860768154609,0.4673034165244855,2.69
Bhopal,2012,0.3359840633489047,0.2155893097819977,0.4025592541469961,698.7047327339794,0.4977165257361981,3.01
Bhopal,2013,0.3600325546135015,0.2264841891982982,0.416777056312605,703.6657499626056,0.4907526821887232,3.74
Bhopal,2014,0.3820845991144326,0.2315306280650594,0.415673238240525,709.4761582125824,0.4823926025814611,2.66
Bhopal,2015,0.4048336832997792,0.2454315318316468,0.4358598147961207,696.754977008244,0.4530900420439073,3.0
Bhopal,2016,0.3789338755013021,252064.88249710697,0.4291474565745973,692.2245425471741,0.4773499592601853,3.46
Bhopal,2017,0.397767919382388,0.2439208828004121,0.445443095749594,720.3501675577533,0.4709802161113954,2.92
Bhopal,2018,0.3891810272754439,0.2458210776709335,0.4407942632728159,744.0528522734854,0.4591850316842659,3.43
Bhopal,2019,0.3869044959291879,0.2478377955187399,0.4384629296517786,734.6598615054439,0.4660143992586126,3.02
Bhopal,2020,0.4460721327946351,0.2801953234498667,0.463624791023986,833.2366548573398,0.441897189179576,3.43
Bhopal,2021,0.4034573191531052,0.2491933990599315,0.4351214648870762,753.1642327914202,0.4683445901319376,3.41
Bhopal,2022,0.4384677715663641,0.2755226143667514,0.4650381126867981,789.8057402573696,0.4436751622506963,3.41
Burhanpur,2005,0.2999840978234899,0.1797354392056367,0.3885755954545227,688.7755148582698,0.4855182680419639,2.01
Burhanpur,2006,0.3567097151045102,0.2117472252290869,0.4433044017860469,706.366829177417,0.4401717364412224,2.07
Burhanpur,2007,0.3486990635492727,0.2478452109016781,0.4192263240208275,642.2927008954782,0.4722475690606634,1.92
Burhanpur,2008,0.3135744558944683,0.1907004342528146,0.4052511613216888,655.7764678290888,0.4686853297635878,1.91
Burhanpur,2010,0.3931968718647471,0.236001813940859,0.4595695128164128,587.9274256141357,0.4161743521102072,2.29
Burhanpur,2011,0.3967634945807213,0.2258677734182509,0.4779954218903794,460.3470502085058,0.393442563799942,2.65
Burhanpur,2012,0.3239697452846695,0.202191731781412,0.4116153305814141,670.3712297725035,0.4737629514982933,2.87
Burhanpur,2013,0.3501169221664252,0.2131532361670075,0.4267123806515496,688.9204591290934,0.4498404581594443,2.11
Burhanpur,2014,0.3907877125325327,0.223523070893619,0.4460709672188578,701.8736799963482,0.4125118856996068,3.06
Burhanpur,2015,0.4045363679652218,0.2251760535212275,0.4506032524643054,675.9609355902271,0.4117555317778012,3.5
Burhanpur,2016,0.339737349410489,0.2037830487468472,0.4236253164694809,670.030055714579,0.4595546188652649,3.0
Burhanpur,2017,0.4092144671574795,0.2437814126317924,0.4784660270272672,756.1410275557133,0.4045209435455459,3.5
Burhanpur,2018,0.3898602711650852,0.2375964353359198,0.4568982898391474,772.9956001269918,0.4187288879977535,2.96
Burhanpur,2019,0.3650072496378838,0.2257379710122716,0.4459391570994414,689.4086750870565,0.4434102623149888,3.6
Burhanpur,2020,0.4364247890549612,0.2589342738460248,0.4690711545155995,832.3252064203687,0.40058944619565,5.49
Burhanpur,2021,0.3605285726170266,0.2170299785649984,0.4192447617777584,702.2807337846666,0.4414069887869397,5.13
Burhanpur,2022,0.406738592113014,0.2442249233349502,0.4569215038066147,756.6671477851955,0.4166945462918247,4.63
Chhatarpur,2005,0.3457010514519539,0.219871231873247,0.4121883890270582,600.7165065786988,0.4348763339120462,1.41
Chhatarpur,2006,0.3580084828660655,0.2282416654831949,0.4273180947421169,551.5646655115387,0.4261945182499375,1.17
Chhatarpur,2007,0.3171768028520547,0.2084929779555694,0.4060365519604946,562.4019941345233,0.4422521743545646,1.04
Chhatarpur,2008,0.2553872745497224,0.1773013194506059,0.3614204393273436,572.4007094190644,0.4886390870124127,1.53
Chhatarpur,2010,0.396072452085046,0.2591032118845189,0.4483665357170286,614.270580533494,0.4044675799245042,1.21
Chhatarpur,2011,0.3950433361620115,0.2665726608275136,0.4517927084808795,670.7575245406559,0.4075356265612772,2.52
Chhatarpur,2012,0.3601034755643489,0.241912208511594,0.4247101021251747,629.335127239985,0.4327915604343394,2.47
Chhatarpur,2013,0.3201586147678344,0.2100596373161226,0.4055118029250983,558.3496511544377,0.4465200036773072,2.26
Chhatarpur,2014,0.4282142216261438,0.2583419481697506,0.4659585367688534,635.6445359441187,0.3916559632032631,2.21
Chhatarpur,2015,0.3872258984174597,0.2356913181088341,0.4413827344049542,621.0929022327512,0.4052120226311187,1.83
Chhatarpur,2016,0.304332241325597,0.190401466916017,0.3931746168664853,584.2898956198508,0.4449592240969531,2.85
Chhatarpur,2017,0.3879195915787822,0.2455331953309768,0.449694187768385,680.0510698844653,0.417489021436713,2.42
Chhatarpur,2018,0.3248233344014873,317347.4056493877,0.4088891751318191,638.4895375917779,0.4494236537437389,2.92
Chhatarpur,2019,0.3701686464073362,0.2384417539858794,0.4405350694629862,637.7310895231939,0.4266717871022246,2.66
Chhatarpur,2020,0.4269394401654798,0.2731053871108416,0.4567978863186209,782.783946272906,0.4073175142660551,2.58
Chhatarpur,2021,0.3979333743309598,0.251983180572768,0.4482817323610327,691.1039198985014,0.4136557462846333,3.1
Chhatarpur,2022,0.4080969913752117,0.2613267684345335,0.457288058827098,699.1238959204795,0.411014609909545,2.71
Chhindwara,2005,0.3394410206442401,0.1948537776188676,0.4192585426237268,589.257304056713,0.437147907685831,1.52
Chhindwara,2006,0.4202867633308756,0.2393014901345012,0.4891862335602968,629.5772884518797,0.3921841730228527,1.88
Chhindwara,2007,0.3643982866005884,0.2310138320099052,0.4334252107214595,644.2157046428333,0.4339740041733341,2.02
Chhindwara,2008,0.3487406421550253,0.2158002151218862,0.4293943325084278,606.9687073557762,0.4433279761101432,2.12
Chhindwara,2010,0.4611095337221513,0.2639877711560698,0.520066409111636,718.4402358189631,0.3573155016630395,3.4
Chhindwara,2011,0.3587961285900428,0.2208934843750705,0.4388820184800518,555.7059949512301,0.4237106202961018,2.2
Chhindwara,2012,0.3527077370564473,0.2168574919466177,0.4280505412183062,625.3709117822953,0.4355950827562134,3.17
Chhindwara,2013,0.3562570757801919,0.2175861220054649,0.4277746221632142,665.331647075154,0.4348798862702013,2.28
Chhindwara,2014,0.4397635422571475,0.2443330605815464,0.4844859365702639,666.4589479770008,0.3832483543100977,2.94
Chhindwara,2015,0.4315647982368336,192375.9219425086,0.4804943546910852,643.4439699030585,0.3843219739231537,3.85
Chhindwara,2016,0.3860874796022098,3262474.28471674,0.4477757659648233,652.4420282730299,0.4180662505115609,3.23
Chhindwara,2017,0.4116397494675288,-365507.9785049369,0.4840363218166426,684.8186441489653,0.4015763355869042,3.42
Chhindwara,2018,0.4056867005833917,-156532.53581460082,0.4747826293939104,679.6112738881079,0.397628280718003,3.53
Chhindwara,2019,0.3886197344112548,-1589501.7846111788,0.4603284043399508,658.4619884369621,0.4139628813030467,5.45
Chhindwara,2020,0.4706572777967101,75546.11935553313,0.5024260454308768,751.4467043466287,0.3681071164895233,5.28
Chhindwara,2021,0.4059263058477575,0.2463995014340594,0.4630002571140449,676.2436342376697,0.414754857573805,4.6
Chhindwara,2022,0.4479986833304116,0.2692959743355987,0.4870210090132065,734.9976717214344,0.3917037320400361,4.5
Damoh,2005,0.3232069210912955,0.1959967336552134,0.4028672424175911,585.1799482985656,0.4327218529030956,1.49
Damoh,2006,0.367344204772275,0.2226555369629285,0.4436074572893974,528.7880407126089,0.4075619135699548,1.27
Damoh,2007,0.3411611310044636,0.2126148381446742,0.4221704359322665,560.7414275005415,0.420086273903766,1.58
Damoh,2008,0.2998682697888113,0.1972789875415402,0.3918125830503682,606.8857672437723,0.4533709528645684,1.97
Damoh,2010,0.4156654810131888,0.2585670611903554,0.4710306944796112,659.5469249211509,0.3787359737525471,2.39
Damoh,2011,0.3583165263802115,0.2477630231188596,0.4177796116930575,713.5175463233252,0.4353220493679428,1.64
Damoh,2012,0.3415612121307382,0.2207309198297203,0.4197996414625756,630.7752369001864,0.4260052430624248,2.04
Damoh,2013,0.3015746043400129,-960246.3243348672,0.3893825553065927,568.1004191806626,0.4588535079651922,1.85
Damoh,2014,0.4175371744665169,0.2456470576234333,0.4634956450615155,629.4611189789838,0.3800398098300909,2.16
Damoh,2015,0.374450093222119,0.2274872152576971,0.4314677626607429,605.9173078391723,0.4084351840489374,2.01
Damoh,2016,0.3398541786334604,0.2220347356607389,0.414974958401058,627.3578381402407,0.4353872236705646,3.51
Damoh,2017,0.3779143554768995,0.2353864748675144,0.4512824531530739,644.7495092748329,0.4057953747063553,3.5
Damoh,2018,0.3685785327967369,0.2363709426444583,0.4441508911783556,681.4020228256611,0.4124575552685299,2.56
Damoh,2019,0.38023845254839,0.2400619473810073,0.4568705046817856,672.3905782412412,0.4058234502223007,2.44
Damoh,2020,0.4100136079077224,0.2583808497756135,0.4532504115582808,751.6153739955247,0.4002270951215693,2.77
Damoh,2021,0.3679277113188512,1905394.968293692,0.4233081821058483,691.5827082619817,0.4534983383710334,3.01
Damoh,2022,0.3772880062334864,0.2536176749943371,0.4372533656957252,679.321952562272,0.4259489856297676,3.01
Datia,2005,0.3042992157798419,0.2072407954817282,0.3687049388842063,633.185489808681,0.4883295710865702,2.16
Datia,2006,0.345860021713937,0.2430781654867345,0.3980212911644777,695.5716833432895,0.4717467862926739,1.74
Datia,2007,0.2500396337926038,0.1872381973367097,0.3253885389714223,637.8295992540334,0.5309313655864281,1.72
Datia,2008,0.2683223597533091,0.1835947386950898,0.3410830052772405,637.7013978141163,0.5167501580518242,1.95
Datia,2010,0.3025379452893628,0.2090417614074865,0.3700221562797798,654.274625286166,0.4898300439523066,2.0
Datia,2011,0.3003587011793085,0.1986513282439666,0.3817288506003854,600.0280516581829,0.4781410531375573,2.58
Datia,2012,0.3490496002464921,0.2544340786874756,0.3954442438329607,740.318296698831,0.478867680461437,2.98
Datia,2013,0.3710641692816208,0.2506780186520756,0.4180675804014818,737.072556580943,0.4481831205243725,3.0
Datia,2014,0.4067975133515767,0.2590486025075403,0.4367698692267187,692.4406353188823,0.4244431363308648,2.63
Datia,2015,0.3845508960259216,0.253737443118558,0.4235033210715347,725.9120611425805,0.4369826767121155,2.97
Datia,2016,0.388586468835632,0.2527099616102053,0.423300757314764,705.4925185911102,0.4403261564836083,3.38
Datia,2017,0.3880126152930442,0.2564664578561962,0.4338112451343552,721.0406026033155,0.4349351155810811,3.3
Datia,2018,0.3801830094359246,0.2494378887364638,0.4280925275693322,741.8705937992111,0.4417644984556087,3.32
Datia,2019,0.35539582775969,0.2397110798941585,0.3997442829501935,698.5095824066448,0.4745012723360788,3.41
Datia,2020,0.5051423991769898,0.3339545622743715,0.4910332025107589,946.6454543323582,0.3802028992551182,3.38
Datia,2021,0.3959046899169756,0.2604452946012978,0.4358213467118234,744.255594981093,0.4352835187576904,3.61
Datia,2022,0.4529484586045016,0.3117465477394568,0.470938713645511,790.7327444486015,0.4140792956721518,3.62
Dewas,2005,0.3499453932993109,0.2073215472054365,0.4210445942174338,678.269146777853,0.44401666986784,2.05
Dewas,2006,0.3431031832553031,0.2195164216327413,0.4218976303693377,618.0765367391572,0.4606508196889402,2.58
Dewas,2007,0.3623466959941948,0.2119863570927708,0.4302810489628328,682.6131422551298,0.4420303098896744,1.81
Dewas,2008,0.3564566365701007,0.2215347300360501,0.4365525731230285,685.0223716100176,0.4476117488416381,2.08
Dewas,2010,0.4223130524975065,0.2606898117067274,0.4664769815777916,814.3785427227202,0.4065229909503599,1.8
Dewas,2011,0.5021372203476562,0.3046338803832208,0.5321775489984338,861.0858201984823,0.3495172295635735,3.23
Dewas,2012,0.3600689411876393,0.2258743533386428,0.4283963518589384,716.2062990476212,0.4557590096502324,3.25
Dewas,2013,0.3833720100482179,0.2394731011058303,0.4411155620875695,731.6810295105399,0.4420845426964271,2.3
Dewas,2014,0.4030907134568992,0.2330889292084972,0.4428166218306478,724.131880979001,0.4251910920601638,3.34
Dewas,2015,0.414736392072611,0.2447418952462078,0.4520728513616578,708.5054809890006,0.4121572979115951,4.1
Dewas,2016,0.398652339902319,0.2386681930603771,0.4578639679234214,741.3085361839835,0.4237516083811805,3.69
Dewas,2017,0.4233106422669267,0.2587229047605827,0.476518065241717,770.2299170033032,0.4147593216469314,4.1
Dewas,2018,0.3773278514925982,0.2305825692426738,0.4393134349667157,743.1895182067277,0.4416278228835899,2.38
Dewas,2019,0.3726327334483216,0.2438908429039454,0.4398825232937337,705.3454415895134,0.4544862650338055,4.36
Dewas,2020,0.4453333423203853,0.2647857466792472,0.4767167569418469,827.4385969350609,0.4026594521543437,3.41
Dewas,2021,0.399121030836409,0.2376074529508477,0.4403372028332378,749.3483512696736,0.4337288689773593,3.82
Dewas,2022,0.447955377382557,0.2673358931953483,0.4775630981891618,793.4171801867506,0.4008496278650354,3.82
Dhar,2005,0.2861731050881524,0.1722350451766944,0.3793135957563779,621.4077425018181,0.5133500496931279,1.75
Dhar,2006,0.2670461951493998,0.1591560071335861,0.3758120006815554,622.2445171632314,0.5189511765094937,2.32
Dhar,2007,0.3145486879702509,0.1883081372269835,0.4032999598997778,668.5398111230585,0.4891458071551684,2.31
Dhar,2008,0.2977764888047379,0.1877032810655615,0.3864873613049211,642.1532132109172,0.5142536494421492,2.12
Dhar,2010,0.3327410609013292,0.2028518671263571,0.4105800964909298,652.7645073987546,0.4726208318497448,2.35
Dhar,2011,0.3562282520960185,0.2337916840450078,0.4305455066569912,668.4139087302034,0.4653929951439753,2.69
Dhar,2012,0.2992078938408744,0.1908129611035012,0.3899484080902511,693.9673250000618,0.5114943010189789,3.29
Dhar,2013,0.287257708676412,0.1956755705601889,0.371126275300964,664.8101958354524,0.5272720237583685,2.5
Dhar,2014,0.375651393785102,-582392.1835483453,0.4311064236294925,720.9292596878824,0.4555611159597781,3.94
Dhar,2015,0.3496909036886793,0.217126225190836,0.4151994148960107,709.4030239149419,0.4732596547993045,3.0
Dhar,2016,0.3556337131051283,0.2114560636268284,0.4233084343930683,704.6791351422493,0.4730396615950947,3.34
Dhar,2017,0.3780398444405104,0.2312765424736954,0.4479943142612899,735.5605537277837,0.4535028777735235,3.48
Dhar,2018,0.3612925435796328,0.2236623378917103,0.4256093104481245,698.9697094241528,0.4691725541888002,3.46
Dhar,2019,0.3444804029874236,0.2110914216044784,0.4224529041517243,685.1005375712427,0.4768154496137898,3.6
Dhar,2020,0.4016201927752643,-166428.34409727078,0.4463922315880061,795.7052333333635,0.4499130055966075,5.39
Dhar,2021,0.387838439706469,739171.3615347706,0.4310790802792036,734.354833069326,0.456954970022641,5.43
Dhar,2022,0.4146392631467134,527724.318041291,0.4611521529310154,770.1180301191476,0.4368481789538773,4.73
Dindori,2005,0.4010656950075157,0.24596950151973,0.4574538416872087,695.2295014371182,0.4309279167571467,0.51
Dindori,2006,0.4154540829926908,0.2284946037940715,0.4739326367564535,736.3350533741684,0.4014305964048638,0.56
Dindori,2007,0.4151842575123734,0.227294144742994,0.467127312406567,715.0084582409518,0.4070466311932103,0.5
Dindori,2008,0.4071636456714421,0.2240052567098333,0.4699336976678275,694.276105811062,0.4016969607743892,0.63
Dindori,2010,0.4328472731052553,0.2389377776854405,0.4946770765495731,795.7538869088809,0.3761707627557858,0.58
Dindori,2011,0.4245159725667335,0.2125966729345581,0.4985072110045312,664.9341498335543,0.3670833687408212,1.1
Dindori,2012,0.4045780532365178,0.2257857034238749,0.4614295619153318,710.8855668232889,0.4072744677444758,1.5
Dindori,2013,0.4113881923752358,0.2246368425842985,0.4653533619364493,585.5900535249376,0.3994295636264249,1.61
Dindori,2014,0.4621761873371208,0.2431018559683478,0.5056008295657297,670.7884230401802,0.3622472121186874,1.28
Dindori,2015,0.488659169840655,0.2591506585683211,0.521807689895328,732.5984544069096,0.351562017935013,1.47
Dindori,2016,0.44405648747547,108109.73121539094,0.4864658212655364,722.9626031510143,0.3824979782346849,2.2
Dindori,2017,0.4501011366319671,0.2461420420542933,0.5095447066737185,731.127153649565,0.3731328278563107,2.43
Dindori,2018,0.4413658579535343,0.2475285904594551,0.497117011846385,738.7005071820821,0.3822657822454858,1.03
Dindori,2019,0.4229189967061558,0.2250152251661663,0.4813857889839392,728.9531128389024,0.3916303989292898,1.58
Dindori,2020,0.4972713183944583,0.2681096130402375,0.5203036640783979,765.2911718666614,0.3530518946265458,2.32
Dindori,2021,0.4463775196954742,0.2432071550952774,0.4946447764315698,729.8775072463837,0.3819722563636988,2.59
Dindori,2022,0.4881385958621659,0.2650043849622107,0.5229439710008982,743.6746458936071,0.3552759525160069,2.59
Guna,2005,0.2923781904531081,0.176228168144101,0.3705128211498537,585.3574360715041,0.4885211251904826,1.62
Guna,2006,0.3263291799432221,0.202633798044024,0.407096916198641,620.1132267543453,0.4712505331450688,1.55
Guna,2007,0.2986809203407519,0.1824314777119169,0.381317076706656,565.5782305762356,0.4830583441691474,1.51
Guna,2008,0.3002234058474983,0.1867816803887834,0.3953646024707583,566.403412890741,0.4732739590724394,1.7
Guna,2010,0.3499255686082915,0.2087060857112634,0.4182886787584579,654.7892971480678,0.435099479963802,2.11
Guna,2011,0.3850213100830596,0.2375689699750911,0.4448559970924327,669.282859182019,0.4185915296966307,3.12
Guna,2012,0.3206520003119333,0.2060326569435684,0.3947016865628351,627.5343406282467,0.4785068709698981,3.74
Guna,2013,0.3432456159599154,0.2111884058244079,0.4219416324291768,624.2229085580285,0.4516276510895163,3.46
Guna,2014,0.381398123901521,0.2229506193660667,0.4342699342675921,668.4333937591939,0.4260111296190779,3.34
Guna,2015,0.3774473438113592,0.2218520433381012,0.4353140519523172,661.2405802273638,0.4316525668421674,3.74
Guna,2016,0.3517044056710267,0.2104007346186404,0.4244340640310088,651.223409297068,0.4495374330138901,3.83
Guna,2017,0.3733026895234559,0.2220747226832017,0.442778468945964,671.090024008628,0.4319983378970682,3.71
Guna,2018,0.3456541978329462,0.2215361126003154,0.4249403707315569,653.6532959096962,0.4549484997186472,3.94
Guna,2019,0.3778123655459043,-475588.9999506614,0.4425849119436687,694.5285847618403,0.4391915697090477,3.96
Guna,2020,0.4517779589861001,0.2836590495585496,0.4778049577413332,846.6802883441115,0.4037497988106869,4.74
Guna,2021,0.3692039505162321,0.2315674978564917,0.4272042712458531,695.5887637841994,0.4452562809860656,4.49
Guna,2022,0.452525397127029,0.2815589692597248,0.4800353877830892,810.5651308171804,0.4030396354706096,4.29
Gwalior,2005,0.2893409377310988,0.19703480364193,0.368793843679449,632.8681641106319,0.4816275970328787,2.52
Gwalior,2006,0.3118341806808472,0.2134834306496509,0.385858566193265,663.5759906320495,0.4773991235575394,2.15
Gwalior,2007,0.248099939492157,0.1833747170023208,0.3376607039034975,623.5613919434329,0.512160270955478,1.64
Gwalior,2008,0.2328973366533484,0.1555242927901783,0.3327671409016682,632.5821398388405,0.511453624250997,2.57
Gwalior,2010,0.2981200927140843,0.2018209673348717,0.3709028973639887,671.2739229811469,0.4776341329119449,2.71
Gwalior,2011,0.3020613399038265,0.1979910820937334,0.3857139250135412,659.7887917067528,0.4638446791677306,3.53
Gwalior,2012,0.321166459285462,0.2218027654213354,0.3915409262254796,658.6328972125813,0.4692926230317745,3.65
Gwalior,2013,0.3497520394570372,0.2345086275032754,0.4158358793110406,688.3482487589947,0.4466813546704029,3.05
Gwalior,2014,0.4029547946411503,0.2502619360073999,0.443696371211442,675.4708647133104,0.4094694669949766,3.22
Gwalior,2015,0.3719772914478814,0.2407015778090158,0.4271180154685,646.1663950057966,0.4288186311963601,3.79
Gwalior,2016,0.3472125729399204,0.2221584430404937,0.4100499989115209,673.9184901069505,0.4456234869848463,4.01
Gwalior,2017,0.3591211530148976,0.2335157738958087,0.4242769257367885,681.8862448436983,0.4361202657313351,3.8
Gwalior,2018,0.3265298346663874,0.2153478581395768,0.4044079985705227,652.2303902229442,0.4553171455598078,3.71
Gwalior,2019,0.3481209656233868,0.2297938031256404,0.4096149365103347,671.6763887566933,0.4573244764687646,4.32
Gwalior,2020,0.4492513246524763,0.2920147421189194,0.4635259465259961,814.1095077396666,0.3932822468861354,3.94
Gwalior,2021,0.3585889083784589,0.2340366742884261,0.420985504241316,687.59351262915,0.4417834586998179,3.62
Gwalior,2022,0.4204831702036565,47202.75048300573,0.4575073650714426,759.3132102335336,0.4174337416066155,3.6
Harda,2005,0.3733691894530622,0.2208292809864607,0.4288067079739406,755.7094784768768,0.4390315695560098,2.21
Harda,2006,0.4425509526860769,0.2990810521804347,0.4858599585789681,852.3797997359094,0.4090154579126164,2.16
Harda,2007,0.3832973034715092,0.2301704775039955,0.4396594633175293,775.2581159685784,0.4340705734297941,3.28
Harda,2008,0.4107238290021014,0.260492283053232,0.4673947042766844,793.5818243583439,0.4200227750210442,3.16
Harda,2010,0.4397896948865959,0.2911356585471867,0.4864097908978684,866.2345061992808,0.3968277695079218,3.96
Harda,2011,0.4579603777572636,0.3014911379673444,0.5067680297094919,978.8357348036312,0.3890396912408297,4.6
Harda,2012,0.3673332426123972,0.2429574811932202,0.4258153395708198,786.5459831834763,0.4586523056889465,3.92
Harda,2013,0.4072456219782449,0.2701017427656637,0.4515312687780189,768.210604466175,0.4413924907283447,3.17
Harda,2014,0.4172974144878789,0.2542071418401344,0.4468123668076776,766.5093375705833,0.4283525535296596,4.12
Harda,2015,0.4433082998367069,0.2690252759402506,0.4653101777835015,805.4776185157777,0.4091757666474006,3.84
Harda,2016,0.4253032599882447,0.2680347723995967,0.462783107285569,771.3134414460598,0.4268308605784637,4.3
Harda,2017,0.4619178897071282,0.2889180600623864,0.4942403734207193,834.0029142348292,0.403295280372554,3.98
Harda,2018,0.43373182738166,0.282622554954716,0.4761758620995037,806.4233288179313,0.4057916142453015,4.36
Harda,2019,0.4374982846882109,0.2883513331446716,0.4788152538313074,804.9620497152755,0.4166542807410029,3.51
Harda,2020,0.4723605318046334,0.3024881618038731,0.4910806382355135,858.7950744661472,0.4028118679889878,5.14
Harda,2021,0.416943635809004,0.2609520182437262,0.4510629690935437,779.8876214751191,0.4351714006702372,5.33
Harda,2022,0.4522109466626062,0.2929970569059614,0.4812734097839657,824.6291119782402,0.4076653637096376,5.28
Hoshangabad,2005,0.3737731494440703,0.2160770093183056,0.4266229393572966,728.1549128160734,0.4517440671387931,2.22
Hoshangabad,2006,0.4874903237803257,0.2935972982068503,0.5118361443577388,811.5411310686984,0.4014407677336428,2.72
Hoshangabad,2007,0.4243209735681061,0.2617877144052297,0.4609414497287015,820.6137423742487,0.4333412608085972,3.21
Hoshangabad,2008,0.4249373997555004,0.2594213714691897,0.4641578536109831,790.6713344451723,0.4359609149878506,2.77
Hoshangabad,2010,0.4139805654516895,0.2586421197787918,0.4726928997425448,826.7149659265659,0.4301877472584026,3.53
Hoshangabad,2011,0.3305103366133833,0.2164295847056454,0.417797562062694,690.3804192950103,0.4632092987719565,4.74
Hoshangabad,2012,0.4199703610688645,0.2678616953900723,0.4615607902488,831.4575701813975,0.4241981208903372,3.91
Hoshangabad,2013,0.4081953063519576,0.3112720573277677,0.4382141063469165,834.7582158429487,0.4726098303000808,3.19
Hoshangabad,2014,0.4362807555402532,0.2640980309040261,0.4569566125558885,772.6254299764261,0.4562902173478786,4.8
Hoshangabad,2015,0.470788577457226,0.2774754308430512,0.4825655620259376,816.2886450691852,0.4041858156422763,4.25
Hoshangabad,2016,0.461439915711137,122318.70312445411,0.4808389954894027,829.2871969748878,0.4135007733578578,4.5
Hoshangabad,2017,0.4705283059881954,46120.94189622586,0.4980053101002959,835.9607443862327,0.4071253034642172,4.31
Hoshangabad,2018,0.4621399130941227,0.2810073228198544,0.493973561800497,845.3239282317909,0.3946870097092624,4.47
Hoshangabad,2019,0.4394396586172956,0.2763306374226622,0.4707306239249595,830.5441489197832,0.4164993987290321,4.72
Hoshangabad,2020,0.4852984916222491,0.3087475302541851,0.4968639087297081,891.3002094788706,0.4045365049128976,5.63
Hoshangabad,2021,0.4395888431265815,0.2745317745368249,0.4616702266678495,798.6394899022415,0.4485551397268574,0.56
Hoshangabad,2022,0.4674448853482053,0.2907902963249707,0.4860842318725993,844.6531247283747,0.4142070975337986,5.14
Indore,2005,0.3531919699039991,0.2248669496322536,0.4148449323031866,713.2341931876992,0.4690193660436618,1.51
Indore,2006,0.3134013395560039,0.1956097224216092,0.3887661093244514,631.9020807191104,0.4966962735911208,2.51
Indore,2007,0.3665972724023529,0.2289922471697369,0.4275882506034408,676.0593297129084,0.460797312361098,1.93
Indore,2008,0.3478354245849817,0.2215158246509025,0.4183057138109474,689.0355629671566,0.4756412887014461,2.32
Indore,2010,0.4032539494555669,0.2711956769991967,0.4465463605060906,807.6640991649872,0.441118014208678,2.51
Indore,2011,0.5049692100267491,0.3351929891930922,0.5282750571868206,936.4413978182772,0.3766502022037318,4.51
Indore,2012,0.3678458436794195,0.238927221311528,0.426931106480469,795.0583842932879,0.4705023817611976,4.92
Indore,2013,0.3709537859651953,0.2413344287344795,0.4242616304533632,740.8879764495288,0.4678017429683688,3.0
Indore,2014,0.4066359053730334,0.2454568295409253,0.4412773670798581,712.5449802901915,0.4409666901433243,4.02
Indore,2015,0.4167481258201433,0.2590249052775912,0.4474791539957967,752.6137151179273,0.4308846952466034,4.42
Indore,2016,0.3960861765240108,0.2448739108946324,0.4450171856940029,761.0042005224614,0.448777411242846,4.31
Indore,2017,0.415200661857336,0.2626313589050347,0.4628719741838683,772.9741610047023,0.4356573552538643,4.21
Indore,2018,0.3825953416327366,0.2443717537281852,0.4329631846920549,749.7598229500383,0.4590774365051795,4.13
Indore,2019,0.3871055714956405,0.2469405167886634,0.4407786755307646,741.0955741072089,0.4555671274151647,5.15
Indore,2020,0.4460913390122843,0.280114711857762,0.4684561148674522,832.1262367470318,0.4260400820315808,6.01
Indore,2021,0.4092161709825932,0.2501150445785075,0.4413647776781806,753.319376727369,0.4439644040249,5.41
Indore,2022,0.4429321844657307,1277218.9419636903,0.46353311369555,845.9293147289387,0.434591331508746,4.81
Jabalpur,2005,0.3906133427736804,0.2202674387827288,0.4349199540095955,721.2549190227526,0.4688300700171745,2.15
Jabalpur,2006,0.4485811624464512,0.2607918594310816,0.475494273356592,824.4857392230898,0.4432486755217577,2.1
Jabalpur,2007,0.3990966645178643,0.2452206451134856,0.4354761439415241,726.2826179940165,0.4642838285686138,1.48
Jabalpur,2008,0.365374297215961,0.2203905881770543,0.4220851024033685,696.6923109458668,0.475636439119365,1.86
Jabalpur,2010,0.4360451732786254,0.2539657521837908,0.4749998045506833,695.6100908827717,0.4249539821342339,2.93
Jabalpur,2011,0.3817611907125056,0.2874571946145574,0.399356826917542,833.7106369864889,0.5075805049877609,2.43
Jabalpur,2012,0.3940864505437337,0.2409553445993936,0.4348065734844014,752.1571346538693,0.4614662528042741,2.74
Jabalpur,2013,0.3537280533294423,0.2117414011179846,0.4034987491463341,667.2924745987268,0.4870003609893272,2.78
Jabalpur,2014,0.450909976180865,0.2566514992822311,0.4721379178624728,746.7423427245832,0.4289606877768461,3.02
Jabalpur,2015,0.4351716548861165,0.2556424610953273,0.4546964329544226,737.560820664734,0.4469724785936218,3.53
Jabalpur,2016,0.4080332343944773,1528116.7311803636,0.4406111126962471,733.0737485077293,0.431715292795112,3.73
Jabalpur,2017,0.4248590746850656,0.2508668675703933,0.4669160909341178,743.3950107399181,0.4294919620549385,3.78
Jabalpur,2018,0.4239020296873162,0.2582315908422345,0.4630341633874518,754.4765297188337,0.4312689404481808,3.97
Jabalpur,2019,0.4251171868610783,0.2560959330154342,0.4616532487082628,763.7036892953718,0.4206748927165137,4.32
Jabalpur,2020,0.4539223235318029,0.2759278578456197,0.4718232976066432,796.8830273308587,0.4340260545164608,3.83
Jabalpur,2021,0.4149175890207588,0.3145378629684564,0.4410597616590499,775.1277745815707,0.4765413465271058,3.92
Jabalpur,2022,0.4455824506032451,0.2785492207331769,0.4621809009408653,816.944349666821,0.4461274341375906,3.92
Jhabua,2005,0.2552596747072355,0.1554080791610716,0.3722109234437138,575.183674943728,0.4909812377208149,1.82
Jhabua,2006,0.267323178316069,0.1655524987636256,0.3888824594066075,580.1380653367178,0.4829481374911784,1.84
Jhabua,2007,0.2746939837772145,0.1667414880619166,0.3906573187345392,599.8201672203587,0.475420415419828,1.79
Jhabua,2008,0.2722558150308878,0.172722231634447,0.3792592329182374,568.8095398482637,0.4939376719923193,1.79
Jhabua,2010,0.2827958738207692,0.1673000385316641,0.3935079010163321,585.5460110773315,0.4598058036114493,1.88
Jhabua,2011,0.2915183734411681,0.1808619413576375,0.4018023051092451,578.8366840803834,0.456067120560702,2.15
Jhabua,2012,0.2623547850482112,0.1682331795131909,0.3805143547613291,587.9803126985206,0.4950079798151263,2.77
Jhabua,2013,0.2716208824111782,0.1746769763643747,0.3807377024553842,598.8183294129257,0.4912437242700539,2.78
Jhabua,2014,0.3585831068213213,-796894.7118342847,0.4397306587649036,634.0522396368275,0.4259068378118398,3.09
Jhabua,2015,0.319266370661328,0.1978727066268814,0.4156339604994102,608.8025347551041,0.4546189048795426,2.63
Jhabua,2016,0.3211618661326826,0.1907517865731059,0.419689034500631,590.5462261388434,0.4534041190435134,3.19
Jhabua,2017,0.3569748957702336,0.2180147034302598,0.4496989101544547,640.0037775242198,0.4319484213575411,2.97
Jhabua,2018,0.3538590438257168,0.2147347324971363,0.4401086524458446,606.6752458005486,0.4305882205260219,2.72
Jhabua,2019,0.3412073251988752,0.2133908169690717,0.4378537732546757,645.6609212969511,0.4426977514218189,2.84
Jhabua,2020,0.3746046059664985,115549.99534974458,0.4439682136396899,710.3968386146095,0.4295041250262886,3.1
Jhabua,2021,0.3804431390907577,141236.9682367319,0.4448818742423449,657.2955237083814,0.4195889516001937,3.23
Jhabua,2022,0.4022026384731318,0.2425991270686386,0.4702222473165477,649.2451676111772,0.403853338525055,3.23
Katni,2005,0.3681912662168343,0.2157793053079033,0.430645677910743,629.8756723671296,0.4216816646331344,1.01
Katni,2006,0.4038091839180184,0.2438551812736519,0.4593842099803624,648.2011284956862,0.4068522973046581,0.74
Katni,2007,0.3671610744936208,0.2435082691056762,0.4276569177425971,601.1492980080155,0.4412508389439274,0.88
Katni,2008,0.3578742572336834,0.2219981939139835,0.4257223853662166,638.2342687836282,0.4321653446235355,1.14
Katni,2010,0.4084669863929718,0.2552748363117846,0.4621402652834917,712.8383484569372,0.404734365345183,0.88
Katni,2011,0.3660982792544318,0.2417046847212913,0.4179861983179413,648.5927703239794,0.4474016288710596,2.46
Katni,2012,0.3825914283729968,0.2435741376190079,0.4330781496607281,699.1627513798528,0.4389630052906095,2.83
Katni,2013,0.3516388685644584,0.2766477232093479,0.4087045156059547,641.8564985586404,0.4744921625944362,2.16
Katni,2014,0.4511091262586943,0.2671013471768552,0.4819110559841603,698.3907676944697,0.3980923796366767,2.09
Katni,2015,0.4425276865082507,0.2638826712622474,0.4722274034240241,700.884747402375,0.4042367995637981,2.28
Katni,2016,0.39958009492233,498386.4523556274,0.4492806942674056,660.8567920505553,0.4123559884454127,3.19
Katni,2017,0.4094134859906226,0.2476070614141925,0.4614160627665237,693.872494076901,0.4318804605270335,3.02
Katni,2018,0.4197890086158736,0.2595258441193553,0.469521447846636,700.3961634786455,0.4066227449798813,3.31
Katni,2019,0.4158539522710079,0.2551723898689714,0.4644379148504548,711.1413503321933,0.4134539677283057,3.47
Katni,2020,0.465242016841681,0.2943167210082222,0.4856388513630167,793.0759087522669,0.3979050499603974,3.62
Katni,2021,0.4184885560357266,20161.831083141096,0.4552737264498007,759.7327078886362,0.43573962876102,3.8
Katni,2022,0.449744365312819,0.2829670036591087,0.481947058939744,774.8974901916163,0.4014072805140589,3.81
Mandla,2005,0.3830308626368596,0.2085727007834585,0.4361647081748037,660.7140884413462,0.4606145725433843,0.94
Mandla,2006,0.4105125304979354,0.2311824974140862,0.4539379845546118,742.0095738345553,0.4545482476546579,0.86
Mandla,2007,0.3854689014311063,0.2241345095079844,0.4324716391610508,716.167011352676,0.4570621916168471,0.87
Mandla,2008,0.3869608188826506,0.219447536515853,0.444023578143435,684.5734796335821,0.4395813881047199,0.9
Mandla,2010,0.4344684065274526,0.2442288265340671,0.4844338896581268,759.9344831776468,0.3985297044291169,0.95
Mandla,2011,0.3788520812210578,0.2047604938472434,0.4408654746158291,624.9560252913238,0.4385291902074484,1.66
Mandla,2012,0.3972759044241956,0.2274871793727532,0.4425995981727654,725.8424842384048,0.4418010563811274,1.72
Mandla,2013,0.3787886284534535,0.2078228579584906,0.4277338525943014,608.5061941259285,0.4487519181344028,1.76
Mandla,2014,0.4347102265282899,0.2355129138589357,0.4673065030767312,672.054849727732,0.4241011942237135,1.58
Mandla,2015,0.4539666844558686,0.2469083276938473,0.4785242629681558,718.0344647424998,0.4151868696973421,2.38
Mandla,2016,0.4264921862972044,0.2339134045706198,0.4590970929417147,724.6132147240635,0.4217812919864342,3.31
Mandla,2017,0.4290071868299346,0.2400834021023234,0.4778282638589436,736.4319459317112,0.4216862915126134,2.64
Mandla,2018,0.4195929699698378,0.2395961811493803,0.4687111854016862,717.0739068915593,0.4201445195982511,2.31
Mandla,2019,0.4054244175714175,0.2235274705331097,0.4540173353544252,713.8288231213407,0.4323887801814663,1.95
Mandla,2020,0.473928914882505,0.2614191581592037,0.4887327313787188,756.4959043372357,0.4026246363079026,3.25
Mandla,2021,0.4291909502951038,0.2411895343465867,0.4673981053701481,731.6913895828872,0.425150777149676,2.28
Mandla,2022,0.467650998952103,0.2604523470287858,0.491806380325102,749.4342113377156,0.3971851763706399,2.31
Mandsaur,2005,0.258477444010606,0.1681806819211975,0.3284805853715284,653.1863881166356,0.6321107148925997,2.05
Mandsaur,2006,0.2348020671263937,0.1452788160075329,0.3226796610226128,579.0735286922811,0.6172400263287655,2.76
Mandsaur,2007,0.2731255403303858,0.177316735382017,0.3345081563219697,647.2021766458528,0.6495906800910576,2.15
Mandsaur,2008,0.2472107500775418,0.1610179466645668,0.3188942194274169,617.202118423838,0.6546868108661895,2.53
Mandsaur,2010,0.3091037954548036,0.1887048752863265,0.3693698020559932,687.4410891608518,0.5530348548520347,2.14
Mandsaur,2011,0.3055483798347786,0.2038167730417624,0.3662316878745847,684.3789888570808,0.5532336581643625,4.17
Mandsaur,2012,0.2801928559019184,0.1844893983506685,0.3475818189027562,674.7013444684085,0.6089808748592602,4.13
Mandsaur,2013,0.2802624042848319,0.2412203511400784,0.3293017421730781,693.3366620953817,0.6790324408609762,3.94
Mandsaur,2014,0.3308911934290838,0.2034444761917157,0.3512960232665078,721.7408876281853,0.686928499431468,3.74
Mandsaur,2015,0.3188340113749175,0.1902673746329227,0.3617438873752431,682.0844410408233,0.6134494630779291,3.26
Mandsaur,2016,0.287595066588389,0.1750579413685864,0.3423466163044207,645.6320137789654,0.7149432353879699,4.31
Mandsaur,2017,0.3217203460344062,0.2036700445266716,0.3628157813242701,739.9649842975838,0.7411344553708918,4.24
Mandsaur,2018,0.3374977770986567,0.2081239189569998,0.3835274464927302,728.0422593602159,0.600308314624319,4.3
Mandsaur,2019,0.3490337111467178,0.2257211878530143,0.3984865078394435,716.2188863227648,0.5847615671539624,5.62
Mandsaur,2020,0.3550745434620396,0.2323656193592075,0.3661925126031239,851.0129272648132,0.6909029058593917,3.62
Mandsaur,2021,0.30635826815778,0.1875571367263458,0.3421386043640642,682.2114877019418,0.7226623039181054,3.78
Mandsaur,2022,0.384602616518485,0.2398148074376503,0.3962168346305869,798.5444351864754,0.6687259545929166,3.78
Morena,2005,0.2816860379008372,0.2126685420744125,0.3535753317030617,656.4744637443545,0.5229218695810108,3.18
Morena,2006,0.2963720861739337,0.2141907698080748,0.3661429217073217,652.6801850650883,0.5121423110515058,2.95
Morena,2007,0.2491757382629933,0.178967313175085,0.3317233134152212,633.145762941987,0.5386827040614389,2.04
Morena,2008,0.2621177212285799,0.1866139867878239,0.344128477729557,707.0752956607447,0.5261575598759893,2.3
Morena,2010,0.3197638105819111,0.231490295594559,0.3710318846245455,657.355000659019,0.5005694279407997,2.31
Morena,2011,0.3368364289684891,0.2368846609107616,0.3987476459080412,680.78077845937,0.468509243711445,3.96
Morena,2012,0.3092827507038707,0.2365362020683401,0.3729666618435067,643.6351964922285,0.5071470916621961,3.8
Morena,2013,0.3525764685070286,0.2451433388579687,0.4111236820564926,692.7735789207366,0.4633331376044376,3.17
Morena,2014,0.4013532674870885,0.2573062975341155,0.434833079508145,684.1544901481178,0.4303652435475742,3.02
Morena,2015,0.3665265214087512,0.2454592674228271,0.4160267752397691,660.5093652542478,0.456435888421646,4.24
Morena,2016,0.3288115275570002,0.2220449920396422,0.3891124299942622,683.7667080218398,0.4812686125893071,3.91
Morena,2017,0.3534017815235873,0.2404813967561587,0.410765302821615,678.1094803727502,0.4638781416300254,4.26
Morena,2018,0.3429676099376877,0.2338956664281688,0.4070082546286573,705.8048266074866,0.4691176546502595,4.05
Morena,2019,0.3472330875516435,0.2411426313078997,0.4008355092863833,682.6036263464814,0.4775650286029255,3.58
Morena,2020,0.4482601545971457,0.3016825691844196,0.4604118579147008,862.2984407693731,0.4148156448699393,4.0
Morena,2021,0.3403909134298446,0.2343415194140456,0.3972169674265394,682.47007963903,0.4803791545973494,4.25
Morena,2022,0.4029246972841328,503177.3842243232,0.4358994132465582,779.9723404690335,0.4556715937451144,4.25
Narsinghpur,2005,0.3887526006425278,0.2290244586633416,0.4399259786734816,681.1192898791433,0.4295128235343804,2.97
Narsinghpur,2006,0.4679011444126477,0.2779296044321129,0.5000828141874846,695.0830012902421,0.3866348789506623,2.86
Narsinghpur,2007,0.4134397433218018,0.2536670104359453,0.4525068693160835,734.2266877893416,0.4223008343442854,2.87
Narsinghpur,2008,0.3646362877990745,0.2255482312359695,0.4258144974802302,606.2648364154948,0.4509396346357508,3.04
Narsinghpur,2010,0.4571225514702853,0.2735331420410193,0.4971109287159828,737.4929228852953,0.3803270895728731,3.3
Narsinghpur,2011,0.3937487102062142,0.2747746829602323,0.4327462695860211,626.5631250784207,0.4463376477127398,2.28
Narsinghpur,2012,0.3996557348897396,0.2487133317118111,0.4467826935743624,697.33244159116,0.4301064521044526,2.94
Narsinghpur,2013,0.3680751354784141,-415890.6690730371,0.4157448231817333,674.5223603642698,0.4616460259967236,2.13
Narsinghpur,2014,0.452234946452574,0.2565092154918993,0.4746711655319029,744.5382527740798,0.396903629713185,3.24
Narsinghpur,2015,0.4598193611337804,0.2708167133609517,0.4768586656664316,792.5900747159684,0.3949680339424574,4.08
Narsinghpur,2016,0.4104428414155887,185270.15196212725,0.4419165540486653,711.8336304080018,0.4371373323262226,4.04
Narsinghpur,2017,0.4448761806321107,0.2638600598116704,0.4843648499543552,782.9366006871833,0.3958686583281563,3.49
Narsinghpur,2018,0.4321610705977828,0.2624032688478658,0.4700770917081877,744.0363731906162,0.4082688461943276,3.66
Narsinghpur,2019,0.4286581918228692,0.2570082398598439,0.467827613564961,707.2470173515048,0.412978399806223,4.86
Narsinghpur,2020,0.4622770623089886,0.2795512882017337,0.4813453944563962,816.7687981418555,0.3977270278977038,4.21
Narsinghpur,2021,0.4174786974395367,0.3356931591065368,0.4427890729785212,761.6621499882106,0.4673970316908503,4.23
Narsinghpur,2022,0.4495524496214657,0.2807972521874653,0.4707072590677751,818.3618442557867,0.4166819876201721,4.13
Neemuch,2005,0.2498891391983799,0.1708255770042898,0.3441998301826806,633.6218809054122,0.5506213141449137,2.58
Neemuch,2006,0.2724402317386223,0.17920634706094,0.3720334318946262,604.0426705131581,0.5112620455982377,2.13
Neemuch,2007,0.2761714307582858,0.1815792398376941,0.3671445729849665,633.3145815423305,0.5287236548531374,2.11
Neemuch,2008,0.2335636872956328,0.1558782399070417,0.3330096773829614,610.6864878436426,0.5591607555681872,2.33
Neemuch,2010,0.2551995757210933,0.1609899717837308,0.3493961416952903,637.699091786972,0.5119064824352685,2.39
Neemuch,2011,0.3351389587179332,0.22071360797466,0.4096121566733425,708.1483365152718,0.4583629808945793,3.07
Neemuch,2012,0.2747729375131297,0.1879164572584744,0.3690784577959165,611.5674971716293,0.5269506553853688,3.86
Neemuch,2013,0.2886290110181238,0.1998984856075282,0.3712018075083859,629.6232607211347,0.5337689800978324,4.24
Neemuch,2014,0.3437938119614884,0.2112377005828098,0.3924484037083729,640.4648022170212,0.5425963499939276,3.63
Neemuch,2015,0.3270550026828964,0.2014508961749757,0.3985720776157158,635.836679321957,0.4904058577357966,4.03
Neemuch,2016,0.2987172495716396,0.1888010085184284,0.3851347077403128,606.9437740265294,0.5512467574043207,3.28
Neemuch,2017,0.3305319251662132,0.2077092771185933,0.4023872802159491,651.7966802849188,0.542473668388218,3.91
Neemuch,2018,0.3331669821763855,0.209726603531103,0.4086079604747368,662.0155800375761,0.4974022241054005,4.19
Neemuch,2019,0.3437626627134884,0.2235982804896796,0.4179665743962865,669.4811379566975,0.4935657975727597,4.74
Neemuch,2020,0.376426638121198,0.2384743371353293,0.4191709186267655,748.7054885580712,0.5148525663656389,2.66
Neemuch,2021,0.3154872749878525,0.1941173841941082,0.3831210812484958,618.0130682436537,0.5376137304679159,4.16
Neemuch,2022,0.4054392249632028,0.2502042070550552,0.4400022973836601,691.7769632225978,0.4936142779953994,4.15
Panna,2005,0.3364473691907396,0.2018002002545344,0.4032272811308031,609.894498097838,0.4341715870901658,1.01
Panna,2006,0.3578155797945031,0.2134784962986582,0.4288504544278634,574.6192414166732,0.4158096230024529,0.94
Panna,2007,0.3305826535275404,0.2046811511141635,0.4134206026384771,565.5138683964356,0.4276126553686826,0.99
Panna,2008,0.2932749671013197,0.1882832821593449,0.3824414444015104,626.7929145022658,0.4598998499845561,1.46
Panna,2010,0.408146863643906,0.2536912767683867,0.4556948482348864,745.904757863811,0.3910453409916123,1.42
Panna,2011,0.3354434417116209,0.221660580493659,0.4019907176531414,596.0868370407361,0.4470076275712545,2.03
Panna,2012,0.3461223710440979,0.2196614188492438,0.415428438777693,642.199214502469,0.4264648861676635,1.9
Panna,2013,0.3104410993684708,0.2126990854880237,0.3913191065297527,584.0943219828357,0.4547631198013067,1.78
Panna,2014,0.429466853305705,0.2456719197294491,0.4690383177679617,643.7079959186796,0.3740560089732216,1.95
Panna,2015,0.3861474808523286,70595.76642022745,0.4366119135592907,608.5949981837601,0.4025448587844246,1.76
Panna,2016,0.3286468461836373,0.1961825206740542,0.4064994003205123,619.2852496226701,0.4282408102829722,3.06
Panna,2017,0.3811031299601246,0.2297888273982186,0.4451672001169011,674.990722392486,0.4057033477214468,2.71
Panna,2018,0.3503290752618925,0.2217264844300051,0.4249543670424896,657.3341110111552,0.4298024562270134,2.71
Panna,2019,0.3654951980384537,0.2215889205887695,0.4396736487829513,627.367609198741,0.412878839793691,2.47
Panna,2020,0.4069468625837914,0.2538892841838009,0.4438891850788843,778.9700186930017,0.4046402589826492,2.43
Panna,2021,0.3787688137546894,0.2287774961547748,0.4300807890853789,694.5852717626932,0.4183828601088636,2.82
Panna,2022,0.4033543392842055,0.2461147407865947,0.4544452087541483,697.7277444985235,0.4011419117426926,2.82
Raisen,2005,0.3280101402413537,0.1899793636920906,0.3914944458557974,674.723370530376,0.4694148386524484,1.71
Raisen,2006,0.4142942805827074,0.2552300347856547,0.4668527844497469,686.212211817033,0.4255434567753327,1.75
Raisen,2007,0.3506628246522021,0.2369298824831315,0.4063671202741771,723.2705891699695,0.4738987222289643,1.21
Raisen,2008,0.3485823980757354,0.2261180264504868,0.419722616379631,630.3433101091342,0.4643059681338417,1.58
Raisen,2010,0.374692261046954,0.2287994412825048,0.4448233880259024,737.4613357176827,0.4236956458980165,1.53
Raisen,2011,0.297519933850356,0.2066529637355432,0.3929991260618808,633.8691144242064,0.4756857552902994,2.99
Raisen,2012,0.3502066300941553,0.2219953013563118,0.4196699034302111,694.2129419123219,0.4605771702637553,3.39
Raisen,2013,0.3640273989867513,0.2332728457318748,0.4239895366433329,706.8916356698583,0.4543564086925915,2.14
Raisen,2014,0.407304328758961,0.2425082587238227,0.4396898611031412,717.2435101442117,0.4317686218215029,3.4
Raisen,2015,0.42543683045167,1378804.2100099742,0.4552446046805528,744.3234311596296,0.416601831295765,3.16
Raisen,2016,0.4080600750026079,0.2438641124183071,0.456704773071074,685.9603253199183,0.4232166978688699,3.27
Raisen,2017,0.4205623159475794,0.2532377639851066,0.4720222016181447,734.6703730218842,0.4172960967092222,3.28
Raisen,2018,0.400295047166167,0.2422098959557083,0.4557425997043518,736.7663516483855,0.4234759558599096,3.19
Raisen,2019,0.3826634338818341,0.239557785114938,0.4380613296363554,705.2065432900109,0.4488542311374943,4.07
Raisen,2020,0.4543388343911418,-5276870.684719734,0.4812235622503764,854.2821528628426,0.4041011627569869,3.46
Raisen,2021,0.3886472009119773,0.2374623965925871,0.4267871079639602,714.993522251006,0.4503314429541603,3.35
Raisen,2022,0.4232103239304295,0.2626586317804841,0.4626950294401636,785.7414219509811,0.4212483426243262,3.35
Rajgarh,2005,0.2877815285957477,0.1678701920627581,0.3664598630496615,587.0328082554249,0.5098642476362035,1.38
Rajgarh,2006,0.2836219209046062,0.1703801363877193,0.3722355798806564,542.9424514008748,0.5167549411021966,1.69
Rajgarh,2007,0.2793321717231175,0.1675212258394954,0.3598777287140844,585.6123267200155,0.5262575997788201,1.43
Rajgarh,2008,0.2886452166268655,0.1793233897723422,0.3773934346754364,566.4389555673881,0.5136443626184674,1.53
Rajgarh,2010,0.3781781261677802,0.2240514391566379,0.4305772760068884,700.1166551659713,0.4487844011846803,1.49
Rajgarh,2011,0.4313670763226572,0.264080168087456,0.4706730248436134,751.0116584632024,0.416256802454787,2.36
Rajgarh,2012,0.3126090210381611,0.1977794566381206,0.3855843936776504,660.6188696788473,0.5104639635061557,2.8
Rajgarh,2013,0.3289438258294672,0.203435104159538,0.4015210861752306,660.004427763235,0.4938791408280596,2.32
Rajgarh,2014,0.3672146613819487,0.2089776576088555,0.4120436633579469,689.1327675471149,0.46584922775023,3.16
Rajgarh,2015,0.3802031995518,0.2241203553230406,0.4261437543327513,671.4666870421851,0.4602588474740429,2.54
Rajgarh,2016,0.3518309343854514,0.2044175786559494,0.4149934175914964,681.7793481029504,0.4770387746456127,3.55
Rajgarh,2017,0.3774652197530709,0.2251956863295871,0.4361868452594194,710.9774554049278,0.4622519101495024,3.49
Rajgarh,2018,0.3485238392247088,0.2117117100081402,0.4156695987400683,701.5282714235336,0.4796605160574813,3.52
Rajgarh,2019,0.3751084020750496,0.2348805676488452,0.4293750450854469,734.9981058324904,0.4737525064894467,2.86
Rajgarh,2020,0.4362618064617138,0.2666261430765089,0.4551257917552184,853.2982296634805,0.4426857793963689,3.24
Rajgarh,2021,0.3781774855035071,0.2319486334296572,0.4188863923286397,729.3195316471093,0.4804377020204164,3.38
Rajgarh,2022,0.4497070498937797,0.2753160479065482,0.4657103491095037,837.4498202264455,0.4364643209650554,3.38
Ratlam,2005,0.2778605274158544,0.167030318435633,0.365801028569883,588.1782675282777,0.5261889220879535,2.97
Ratlam,2006,0.262824162601789,0.1601339307401276,0.3642515825000318,585.8923676020906,0.5345492405707755,2.95
Ratlam,2007,0.3084946086879416,0.1858959919526533,0.3974822342534539,655.3806941459442,0.4978051154971661,2.92
Ratlam,2008,0.315511103327521,0.1988764972320421,0.3970929412695051,599.398039542469,0.5029154906283462,3.11
Ratlam,2010,0.3152306650902347,0.1854701897584141,0.3966008488976725,660.936152514852,0.4821349877812507,4.03
Ratlam,2011,0.3054804087086856,0.1885789931139919,0.3905466003476254,602.6373126386358,0.4940115877557928,1.96
Ratlam,2012,0.3066557900854442,0.2017534620411805,0.3903964486180523,698.5524263993448,0.5141216136695649,2.96
Ratlam,2013,0.3173982693499915,0.2205376295695287,0.3932234805371098,686.6613489564753,0.5103181571227666,2.66
Ratlam,2014,0.3961137785266613,368138.5193987079,0.4397103193236719,721.0735053390772,0.4468055356395818,2.88
Ratlam,2015,0.3446170109159655,0.2023331718767165,0.4119496396900344,652.2764170355291,0.4731079461416129,3.4
Ratlam,2016,0.3508896190914192,0.2061214666270616,0.420957501870234,666.7456218715175,0.4783469660300318,3.39
Ratlam,2017,0.3859281220710469,0.2364993853912195,0.448616934787627,743.5856688503397,0.4534523995561056,3.58
Ratlam,2018,0.3840436787022249,0.2349440361570621,0.4432521732756231,739.8353072779826,0.4555317975853032,3.05
Ratlam,2019,0.3629446191296941,0.2267108418195611,0.4324360827227493,712.8216354241904,0.4713219754604567,3.62
Ratlam,2020,0.4095671332900913,0.2593643368821232,0.4470467249339818,836.656579897553,0.4536681127534155,5.01
Ratlam,2021,0.402329575561847,0.23935668556117,0.4443736485044768,736.9173443875934,0.4449280911658256,4.78
Ratlam,2022,0.4291710445954579,0.2599889719869232,0.4705091936243863,803.5370703355346,0.4291930712251502,4.68
Rewa,2005,0.3266401483853136,0.2051165864099909,0.397437321265661,619.8790072733492,0.4530019966842783,1.02
Rewa,2006,0.3275998680423144,0.214552193945825,0.3978170806829379,572.578179145876,0.4602910326853758,0.86
Rewa,2007,0.3118731761968011,0.2081297497757094,0.3859435314070153,557.8006833126946,0.4675709778054227,0.68
Rewa,2008,0.3022227249144266,0.2143055516866698,0.3773727067302561,507.8263588422463,0.4837706561689279,1.06
Rewa,2010,0.3104985789191494,0.2035958931847091,0.3920651676896426,602.1862192038077,0.4627387627427882,0.83
Rewa,2011,0.3432375701055413,0.2242918134775207,0.4132495394814343,513.1146090872504,0.4420238999285347,1.96
Rewa,2012,0.3608531958438743,0.2414757826611452,0.4155610878622031,727.4678714345954,0.4505578468002901,2.45
Rewa,2013,0.3826286006006367,0.2438116430764281,0.4406053568413713,610.5793217529498,0.4205428073262927,2.07
Rewa,2014,0.4253787510099376,0.2573761515741217,0.4604166556681475,670.5250334195065,0.4012589609963949,3.43
Rewa,2015,0.445080510237475,2436445.529718151,0.4717572140550997,737.3393172553002,0.393476873092062,2.11
Rewa,2016,0.3667670083041325,0.2273327569440709,0.4196235639519552,589.164909836747,0.431410606458101,2.87
Rewa,2017,0.382682686879692,0.2369798167973982,0.4412899342136487,626.2498612221916,0.4240908964902834,2.88
Rewa,2018,0.3702652304579079,0.2403534998869269,0.4259330883950145,610.5190354242528,0.4421329567892418,3.01
Rewa,2019,0.3663735817158954,0.2318027908604078,0.4253396462914323,628.054382197004,0.4364296550641169,3.14
Rewa,2020,0.4521309279043385,0.2841656050666152,0.4724063187256491,781.2106012064618,0.3924131125226434,2.58
Rewa,2021,0.4003964129665293,0.2538807922157529,0.4466844334860952,746.1658977702211,0.4224190112103678,2.86
Rewa,2022,0.4350277852669537,0.2743104761047812,0.4693477280430774,706.8423017263085,0.4003192533519138,2.86
Sagar,2005,0.3149171119726019,0.1845132702192844,0.3826162570556658,591.4117388584103,0.4659950596619244,1.07
Sagar,2006,0.3723060936064924,0.2303434846742211,0.4351401218013634,565.3830855129656,0.4430079952621138,1.05
Sagar,2007,0.3295817915320347,0.2069984795816612,0.3986390942904214,609.4547041591741,0.4627338092852862,0.94
Sagar,2008,0.3135531250055588,0.1970845862270892,0.3955682392182191,567.1822610599496,0.4686908045282007,1.25
Sagar,2010,0.3789286510781868,0.2289593077570947,0.4399309786456874,708.4633180720111,0.4215045421609913,1.08
Sagar,2011,0.3073487456183175,0.1933790381827192,0.3934129827699809,612.8967138623991,0.4635863300895834,1.79
Sagar,2012,0.344508739555589,0.2147916246303836,0.4141059237903754,650.1019556849579,0.4529443808625032,2.11
Sagar,2013,0.3243631673066663,-424875.34393822256,0.3979483926163999,631.7753144284835,0.4693236362754039,1.86
Sagar,2014,0.4076043207670756,56542.56709104825,0.4469993433672904,644.823489452751,0.4109253247220929,2.13
Sagar,2015,0.392145368292302,0.228635080808083,0.4363601099304679,655.1015459660208,0.4221301783244062,2.19
Sagar,2016,0.3656634220756549,0.2241875038309216,0.4269654938656383,628.9481982003067,0.4413525524767863,2.76
Sagar,2017,0.3866920792524876,0.2299976772322478,0.4468778296432054,670.7666202963923,0.4266116041626972,3.21
Sagar,2018,0.3843252072589005,-464390.7779893048,0.4442774984836527,701.1365528635861,0.4283278857445218,2.5
Sagar,2019,0.3715737848842246,0.2281595084164922,0.4341723451254707,698.4124296276138,0.4446615681822826,3.33
Sagar,2020,0.4303323810965774,0.2650324243759569,0.4611706272969649,764.6255980805216,0.4095159346842981,2.85
Sagar,2021,0.3828597623715258,-193758.32875035584,0.4281266487377447,712.3173160453634,0.4456671015859597,2.77
Sagar,2022,0.4117112018821864,0.2563919699440038,0.4511707198696695,733.1345385801078,0.4271661679632154,2.77
Satna,2005,0.3470434534172388,0.2140582819564374,0.4049683653901622,629.1592074513559,0.4494346354124879,1.14
Satna,2006,0.3552648479919975,0.2258081835215302,0.41301593507679,579.9164779633253,0.4515163168565559,0.88
Satna,2007,0.3320773925749273,0.2114079600993444,0.3980887207564788,548.1752912440182,0.4709368238042607,0.69
Satna,2008,0.3175976112453284,0.2194573943085992,0.3843567514316198,561.7878921000649,0.484916999898935,1.07
Satna,2010,0.362294313253363,0.2381721898409702,0.4181267959592832,699.1576228689042,0.4483216615243598,0.95
Satna,2011,0.3618692129990156,0.2318371317055643,0.42048534699294,565.7972365310737,0.4513324951045854,2.15
Satna,2012,0.3611695703971997,0.2411019454070988,0.4075788274679955,702.1993424496656,0.4774282651777857,3.15
Satna,2013,0.3512504646923921,0.2481543329198716,0.4042112664872351,608.8097091470532,0.4856103399650932,3.28
Satna,2014,0.4317689753875496,0.260340515540313,0.453618225270783,676.0948435857919,0.436060900307236,3.51
Satna,2015,0.4399306975598537,-188269.4390176662,0.4582935553750571,709.3456258773809,0.4266485892137122,2.95
Satna,2016,0.370340353860423,0.2275604832035699,0.4192139538431695,621.0174522706358,0.4420512163139021,3.61
Satna,2017,0.3854810374695507,0.2396095830744167,0.4331715745283426,673.9723160550138,0.4531749623978067,3.43
Satna,2018,0.3698011561049781,0.2376983336356543,0.4224582258530644,645.5111257249902,0.4645645387177283,3.68
Satna,2019,0.3748600292219819,0.2356857754044644,0.4250491655681531,645.5928437629589,0.4629390080369687,3.2
Satna,2020,0.4426622958569736,0.2842596085072855,0.4563173837234557,799.8616554382588,0.4278905585666225,2.66
Satna,2021,0.4033102773869735,0.2616529210726875,0.4375025550473052,762.1971626519918,0.4558261834096006,1.14
Satna,2022,0.4436261454205973,0.2801132442342547,0.4680465488952519,746.6651479074865,0.4159786784558038,2.71
Sehore,2005,0.3438223238398084,0.2021562705859542,0.408779750632062,685.486972324985,0.4596526103239257,1.87
Sehore,2006,0.3651129853631202,0.2274619096622704,0.4315720306828169,655.7041315109033,0.4538796446844044,2.25
Sehore,2007,0.3443499210980079,0.2100371569082091,0.407038503452238,677.0555498227303,0.4673631538350567,1.14
Sehore,2008,0.3474691746604573,0.2189736827867182,0.4233390875942236,669.906648658529,0.4646184869834436,1.48
Sehore,2010,0.4112986527861266,0.2500040173685562,0.4614879790389386,792.926214369517,0.4116061415971135,1.6
Sehore,2011,0.4304467168705516,0.2829358526824281,0.4775016353975324,857.2555060874023,0.4069636491772503,2.88
Sehore,2012,0.3535312169689273,0.2247756202498564,0.4201726001479667,729.1200596670778,0.4657454585224878,2.12
Sehore,2013,0.3753429559789897,0.2376593543870971,0.4306118771532457,726.2521462755808,0.4549130873013981,2.22
Sehore,2014,0.3960224900167894,0.2347090212824817,0.4328763046979285,737.7756734370925,0.4389770705779084,3.55
Sehore,2015,0.411800306096894,0.2465742046970701,0.4440361046796086,728.0211326908207,0.4276296706083594,3.64
Sehore,2016,0.3963434501417198,132861.7748767807,0.4512496670849962,733.6582876939347,0.4361565731878766,3.39
Sehore,2017,0.4144354433821117,0.2540050904507508,0.46521420219798,759.4797112126148,0.4263161735380046,3.53
Sehore,2018,0.3877205181201986,789172.3026909649,0.4444165095843698,744.2819208014541,0.4375614363144452,3.09
Sehore,2019,0.390384205599483,0.2511645754910441,0.4455057029122942,753.8214577543968,0.4473174071965002,3.62
Sehore,2020,0.4444474229060229,0.2737061113829685,0.4737142050357591,834.2314204598586,0.4095308769631038,3.3
Sehore,2021,0.3942720613919414,0.2387338548533496,0.4337816249956644,733.7146804295578,0.4434712049687672,3.44
Sehore,2022,0.4366551288860407,0.2678970271766412,0.4695133638464697,798.9214971162257,0.4180221352655346,3.44
Seoni,2005,0.3312810158249214,0.1822727442461822,0.3990201091736511,612.0063008386303,0.4742578188448802,0.88
Seoni,2006,0.4185987985310715,0.2308056358953724,0.4673926702180832,649.3839692162958,0.4369030588102272,0.97
Seoni,2007,0.3556138726682263,0.2206245480812438,0.4109800965317192,648.193657385133,0.4706629406400893,0.85
Seoni,2008,0.3490428548986511,0.2041443081118633,0.4188135902518813,626.2422250651725,0.4603703130457218,0.87
Seoni,2010,0.4433884773767393,0.2464869550075906,0.4944035980979937,740.8330588306649,0.3932316933685962,0.91
Seoni,2011,0.3623565545616973,0.2335392251012205,0.4117721588850275,527.5229629126014,0.4711101590360662,2.01
Seoni,2012,0.3567616191536217,0.2112559722800828,0.4168768898966315,660.3421533688999,0.4605245427156424,2.83
Seoni,2013,0.3576766445114012,0.2125657954036166,0.4135425155168518,679.1612337677661,0.4585303645683566,2.26
Seoni,2014,0.4265405023204638,0.2305856035628719,0.4586834591383379,650.7736261334119,0.4318580638344564,2.89
Seoni,2015,0.4066976843144279,273141.524066047,0.4472209738149485,653.7304948181775,0.4327082388992571,2.41
Seoni,2016,0.3733256597033489,0.2155146867620907,0.4233364210054554,666.2221866155467,0.4502304171182257,2.95
Seoni,2017,0.4020078854126152,458404.20640101546,0.4641003244753626,709.149837217967,0.4332763526967363,2.61
Seoni,2018,0.396377392639104,-152767.06777426266,0.4546008895122777,687.5335825507901,0.4265936086204251,3.09
Seoni,2019,0.3931578371984364,79104.38956709909,0.4453753111565398,701.3411600111598,0.4285957119023415,4.32
Seoni,2020,0.4628855018387638,0.2660666427529916,0.4856411490740205,757.7812153315319,0.4051978296995287,4.37
Seoni,2021,0.3954452507614474,0.2546793432751645,0.4382194572135827,721.4954077690592,0.4564569737122935,4.23
Seoni,2022,0.4320002019001833,0.2542343395884041,0.4648905227474094,766.126499639896,0.4263324354171099,4.13
Shahdol,2005,0.3456221447220531,0.2228630440943006,0.4175837336024965,542.8789288863519,0.4676131977433488,0.82
Shahdol,2006,0.35290435423409,0.2154534783007809,0.4258631906893988,598.8855161119964,0.4473178362019061,0.77
Shahdol,2007,0.3518998510764408,0.2150046730573179,0.4163080627592207,575.8536055319895,0.4664714029298286,0.85
Shahdol,2008,0.3395641110437279,0.2031973493461624,0.413345198126921,558.2803426485316,0.4592111424906337,0.9
Shahdol,2010,0.3571178551145524,0.2238759452672109,0.4245022248966422,643.7880242971844,0.4565832543091679,0.69
Shahdol,2011,0.3609374688168646,0.1999460869145777,0.4402393062608897,552.7681790033654,0.4339396159950337,1.85
Shahdol,2012,0.3581657207247589,0.2156826904626474,0.4183741918849326,655.3762287030206,0.4688024561203433,2.49
Shahdol,2013,0.3684559376440663,317100.75280121004,0.423376245039585,543.182940933124,0.4620433371671184,2.65
Shahdol,2014,0.4189696828106374,0.2458678855164304,0.4638918181394797,576.8958113059979,0.438615611103,1.89
Shahdol,2015,0.4273709839848356,0.2441678313447254,0.4685301910006823,656.2262473326988,0.4555799063530553,2.23
Shahdol,2016,0.3944338974937161,-87395.41810566341,0.4451308214881032,595.7800362176339,0.4327192764215616,1.7
Shahdol,2017,0.3983760391862325,0.2337923819107067,0.4595723749298003,630.2144200094104,0.4182976149736792,2.18
Shahdol,2018,0.38359152507325,0.2304796846654465,0.4464829971939327,638.1527467399446,0.4464834501224052,2.42
Shahdol,2019,0.3739539395038004,0.2189301926875346,0.4350832500101003,599.0925069682295,0.467742852873472,2.48
Shahdol,2020,0.4508756091149618,0.2667798989494231,0.4732166026495673,650.7132378090117,0.4300557052401603,1.88
Shahdol,2021,0.3960388845811241,-26764.68226660129,0.4470065490422105,662.9225596925705,0.4489398316298714,2.09
Shahdol,2022,0.4265728830906392,0.2515584362505364,0.466980552274412,638.3338199302175,0.4176173141894559,2.09
Shajapur,2005,0.3035094990321862,0.1847919538369218,0.3769216221749566,607.3930399623795,0.5095244174933196,1.79
Shajapur,2006,0.2802413284709621,0.1755072785518621,0.3670755849572253,523.8036779650951,0.5243958992232407,2.27
Shajapur,2007,0.3009929931174857,0.1823420934889138,0.3782838289613753,583.3585837169177,0.5117272783519928,1.89
Shajapur,2008,0.3253215517741983,0.2061339237850311,0.402033792052143,611.3393301862299,0.493987985722995,2.04
Shajapur,2010,0.3873593436941425,0.2368031207878052,0.4382787004681296,743.0572084802725,0.4446512027688157,2.01
Shajapur,2011,0.4702353863810813,0.2932747764791847,0.5006348185526021,908.5220099497,0.3911205320108023,2.99
Shajapur,2012,0.3347827454061793,0.2133609909035605,0.4043710586759892,678.1668126404081,0.4953862730777055,2.07
Shajapur,2013,0.3449640349762014,0.2210614765113099,0.4093207885608616,679.3865177372332,0.4893802785929116,2.26
Shajapur,2014,0.3863258374322407,0.2241664219712731,0.4255483433833757,715.7021919961044,0.4568569530886026,3.39
Shajapur,2015,0.3800653062099409,0.2254737182472552,0.426790575424704,666.7331993312216,0.4555471596884251,3.02
Shajapur,2016,0.3708516774292922,0.2189064581042561,0.4292254789578853,710.5806723805515,0.4674705043652205,3.35
Shajapur,2017,0.3875467024302343,0.2368565619970277,0.4418426776344863,728.0355218772555,0.4641337149112997,3.6
Shajapur,2018,0.3693012777710546,0.2236725495643604,0.4287788692091028,728.1248934663663,0.4661147454168004,2.82
Shajapur,2019,0.3877852365722229,0.2442559598226286,0.4390991432514361,745.3685396657274,0.463955459545995,5.39
Shajapur,2020,0.4373339881278453,0.2669519098380276,0.4585415638706974,824.0036691552677,0.4370102078257601,3.24
Shajapur,2021,0.3889833133242285,0.2381718384241146,0.4288170162322547,731.4223775217905,0.4664242825508577,3.28
Shajapur,2022,0.4538302006383528,0.2758879096492136,0.4742772302832125,844.8389097321973,0.4296285794045605,3.28
Sheopur,2005,0.2828526264514902,0.1880549892093659,0.3837560054077264,649.0606888530552,0.4636211362628979,2.5
Sheopur,2006,0.3068005214027416,0.2059015691728419,0.4047486588368437,649.4497587281091,0.4514672486858139,2.23
Sheopur,2007,0.2741546605315265,0.1786324107716257,0.378898636702248,613.706117945864,0.4658839856516227,2.2
Sheopur,2008,0.2809837630167891,0.1853802951039911,0.3866488656750224,646.4796263160674,0.4638421304608385,2.34
Sheopur,2010,0.3420809688167733,0.2174881463080555,0.4134940004979834,616.2063272681901,0.4237871247333531,2.49
Sheopur,2011,0.2902791025967,0.1882536926913843,0.3748961598231157,633.0044339881099,0.4646198749245797,4.48
Sheopur,2012,0.3234554461194803,0.2110015486515945,0.4065977405502383,636.1731833108172,0.4371131355059363,4.39
Sheopur,2013,0.3446302276737176,0.220719349363026,0.4319715471706254,639.5124326487836,0.4185141732395762,4.33
Sheopur,2014,0.3815775531922977,0.2265839898283059,0.443402102948174,633.0271310115293,0.3925393345382186,3.68
Sheopur,2015,0.3755332239501585,0.2346295269361829,0.4480814958363015,611.1624006253995,0.4041805728513307,4.32
Sheopur,2016,0.3195576376988809,0.198052285532088,0.4131622517543187,630.4328784973711,0.4354313024860859,4.11
Sheopur,2017,0.3676245508751524,0.2308439799018332,0.4472670204500963,657.0663390235544,0.4045073825456892,3.94
Sheopur,2018,0.3121596545021137,0.1954508110793843,0.4179801585044518,624.7648758031813,0.4332604730353553,4.32
Sheopur,2019,0.3738824743741999,0.2382145754306904,0.4450855160383954,679.4645574198787,0.4127776667960783,4.5
Sheopur,2020,0.3941398722760284,0.2463004689830956,0.4437628912953045,728.256964404796,0.3973123513421565,5.47
Sheopur,2021,0.3291040756016701,0.208970308266224,0.4131782345715289,628.4864536584929,0.4335090192039192,5.02
Sheopur,2022,0.4202348821416938,-685174.5707441164,0.4609281596171502,745.8419208337958,0.4096500600889647,4.38
Shivpuri,2005,0.2730964123888014,0.192585710376161,0.3672723245494273,576.1855684143711,0.4789782753443873,1.85
Shivpuri,2006,0.3119422347230344,0.2040065957292828,0.406217814639992,590.0576436019982,0.4568516503255215,1.8
Shivpuri,2007,0.2694004752297046,0.1860359281936545,0.3687157732598746,591.6658865125239,0.4778213616481291,1.22
Shivpuri,2008,0.2611254104200946,0.1692171141418995,0.3744868465411499,589.4386499032264,0.4728272674143637,1.95
Shivpuri,2010,0.3285994683589826,0.209807478126066,0.4034176596609266,633.6538206263136,0.4389249430088561,2.03
Shivpuri,2011,0.298392363194317,0.1926550547372214,0.3890748993663039,602.9113911271987,0.453726650794817,2.73
Shivpuri,2012,0.3195314220136283,0.2164741960631052,0.3993981823673782,611.1470964424286,0.4588840478737775,3.29
Shivpuri,2013,0.349823707780403,0.2304496018741474,0.4256357404666034,623.1933646837308,0.4382284675302653,2.7
Shivpuri,2014,0.3925758170960464,0.2360815142621706,0.4468488000686019,633.7400682796739,0.411734286179105,3.14
Shivpuri,2015,0.3699662565771334,0.2286968615258107,0.4350752608875781,607.2365700487021,0.4232156259701434,2.71
Shivpuri,2016,0.3251341216006643,0.2017945002449449,0.4119831375752454,599.4631044704729,0.4433004722415916,3.11
Shivpuri,2017,0.3572015587793073,0.2252296498422243,0.4339452402670492,634.1540348912835,0.4331616014806307,2.82
Shivpuri,2018,0.3289229106235045,0.207979020379161,0.4221550814519256,608.7637870975185,0.4399707979304716,3.1
Shivpuri,2019,0.3591112057245449,0.2351006799572969,0.429769400553492,622.1167323734929,0.4424728255573671,2.73
Shivpuri,2020,0.430837188084666,0.2734069865680776,0.4616939536252895,784.3986781506422,0.3996943254455601,2.96
Shivpuri,2021,0.3501767064582803,0.2214342760690738,0.4247734999405849,646.9897921137589,0.4413258946682376,3.31
Shivpuri,2022,0.4278586416117624,193454.5377053244,0.4674024235122863,731.825565467851,0.4126724106610555,3.31
Sidhi,2005,0.3540514217296673,0.2133135856046741,0.4235129244457692,578.2774271221125,0.4416285922238432,0.75
Sidhi,2006,0.3575585747211109,0.2229680514368737,0.4302303677012617,623.727887732227,0.4447014505647396,0.76
Sidhi,2007,0.3557208968095726,0.2180669360363461,0.4263422866620547,582.6392439753913,0.4415355247082207,0.64
Sidhi,2008,0.3151912532566502,0.1943820618338449,0.3912444971606297,573.2909570083408,0.4672299688182827,0.87
Sidhi,2010,0.3494272421748288,0.2221515265632162,0.4234470510813673,644.6641196901107,0.4443823769896297,0.71
Sidhi,2011,0.3380085469514546,0.2019307141201838,0.4180651835029322,581.4229908753122,0.43956641971375,1.55
Sidhi,2012,0.3585033216534238,0.2299046740902575,0.4115105705242063,635.2142360269194,0.4654069539465279,2.31
Sidhi,2013,0.3819286607944316,0.2348757638804237,0.4418939951100399,609.937445234788,0.4286551602227911,2.41
Sidhi,2014,0.442628255684772,-322354.5623959256,0.4768841078086135,670.6017125410565,0.4006316381729275,2.37
Sidhi,2015,0.4346955561309807,1262344.273403529,0.4717636516377868,701.760876721589,0.4038937672880631,2.09
Sidhi,2016,0.4019323761226722,0.2397948296403337,0.4476814862212065,655.5171490655277,0.417337677858014,2.87
Sidhi,2017,0.4005116848637149,0.2414155383225941,0.4523044024437364,662.3617832869547,0.4309269252512427,2.59
Sidhi,2018,0.3832520173757286,0.2352387919022598,0.4421726832284292,634.4244594217142,0.4300737040440819,3.03
Sidhi,2019,0.4060974162055292,0.2515074496671299,0.4545286800848889,666.3303730702199,0.424490226315398,2.37
Sidhi,2020,0.4870509797339404,0.2942062500526711,0.5012223126772868,776.9155271851234,0.3841234626016621,2.33
Sidhi,2021,0.4130527058944355,0.2466055795565397,0.4566173099786712,697.9451404294316,0.4186395487178269,2.53
Sidhi,2022,0.4285461573972661,0.2615455686570815,0.4630672824377753,701.6177469850196,0.4128213544581756,2.53
Tikamgarh,2005,0.3010977643237498,0.1997480625617412,0.3886497323164199,527.8538879000272,0.4522584464507531,1.34
Tikamgarh,2006,0.350368133594614,0.2354678995690311,0.4275348003663122,560.6521325946167,0.4366997028607147,1.35
Tikamgarh,2007,0.270090521875375,0.2043375061044197,0.3690624213072691,572.6905249225172,0.4831991780206608,1.23
Tikamgarh,2008,0.2428625515173025,0.1667156372330579,0.3629879968308265,590.0063619141167,0.4816404150270659,1.95
Tikamgarh,2010,0.3382495720174192,0.2216293417272083,0.4151625105470651,623.2178552346458,0.4347001651679935,1.27
Tikamgarh,2011,0.2938493284417754,0.1972108013513295,0.3957262943894185,527.5526256449637,0.4499646510996921,2.69
Tikamgarh,2012,0.3580604931258173,0.2470542527107755,0.4292216020079114,680.0106620248374,0.4368040514558275,2.56
Tikamgarh,2013,0.3564392048892701,0.262776685234833,0.4249786734018689,692.0221335250486,0.4475502325863887,2.03
Tikamgarh,2014,0.4031331684861113,0.2472644450736226,0.4546508901910786,634.8499263931213,0.4048409124931574,2.46
Tikamgarh,2015,0.378200598562033,0.2418185093283273,0.4409091116622879,626.9993146118805,0.4138858513527231,1.91
Tikamgarh,2016,0.3135559988387307,0.1977274839395268,0.4116515387768755,602.7948473495153,0.4349463632374846,2.81
Tikamgarh,2017,0.3700370103339248,0.2420484045700043,0.4435900472323087,664.2797798158074,0.4271874115855209,2.5
Tikamgarh,2018,0.3194738702680605,56300.13921460738,0.4162197672882111,605.4482960534702,0.4386838079461613,2.83
Tikamgarh,2019,0.3607152036829093,0.2344305688602961,0.4335127449759336,646.4995041300782,0.4350602046797375,3.07
Tikamgarh,2020,0.4388863372266769,13971638.69778761,0.4676618601699811,796.1791769718874,0.4087251217239244,2.88
Tikamgarh,2021,0.3806558783045966,0.2481732526160691,0.4449139746294294,687.3686950819302,0.4225706818077823,3.0
Tikamgarh,2022,0.4283803436788088,0.2788690073398016,0.4732389600647665,700.8544384309985,0.3980461790779845,3.0
Ujjain,2005,0.3108663969422288,0.189186390772164,0.3822831642764058,620.4062860766824,0.5062462279988301,1.75
Ujjain,2006,0.2773232447379566,0.1726925703461292,0.3643868069702589,563.2637502032601,0.5245985535360651,3.0
Ujjain,2007,0.3434611717069971,0.2099791234457931,0.4138166667677432,665.4226932162584,0.4794184938223161,1.79
Ujjain,2008,0.3522553513111203,0.2275375708087598,0.4144539316582764,663.4097957387504,0.4842453841111113,1.87
Ujjain,2010,0.380187693623105,0.234855722559289,0.434041276003714,772.8535762342357,0.449087754933282,1.76
Ujjain,2011,0.4327714880919663,0.2745505419722677,0.4794515060966072,801.6699499364832,0.4181064006344647,2.67
Ujjain,2012,0.3670371670113364,0.2427545915285139,0.4251756604944046,742.2915283640651,0.4788230553202249,3.04
Ujjain,2013,0.3621793266509093,0.2525421022284625,0.4149580233054948,761.9632603297523,0.4891150037130779,2.86
Ujjain,2014,0.4211328461452919,371637.3793610698,0.4504091680716541,758.6968768329059,0.4397417203464699,3.08
Ujjain,2015,0.3800798290541575,0.2253069026874161,0.4285417688007099,682.3765082116115,0.453039792533441,3.5
Ujjain,2016,0.4012742552439595,0.2420208341111034,0.4482413119836635,762.0195379381613,0.4527425131289712,3.8
Ujjain,2017,0.4319682068976476,0.2728812436921172,0.474325135519158,808.3024614091207,0.4328349636929992,4.24
Ujjain,2018,0.4120257123865414,-9704439.630112214,0.4544865355418718,791.6622361590216,0.4453737987018678,2.65
Ujjain,2019,0.3834602347091679,0.23928880503131,0.4383742379510749,737.6167465651624,0.4625245042224779,4.32
Ujjain,2020,0.472111785194528,-1196915.5126320736,0.4866498660208866,898.2901779574636,0.4168164629036873,3.4
Ujjain,2021,0.4306108096904834,0.2663690155735199,0.4595667204243344,785.0266082961393,0.4390102775274381,3.59
Ujjain,2022,0.4728233516238666,235260.17469568824,0.492698970816234,890.4561957254155,0.4166047041149865,3.59
Umaria,2005,0.4149643728945029,0.2357641335728121,0.4731759934262201,588.9449032756406,0.3895569548768417,0.81
Umaria,2006,0.4046247249817379,0.243412792367214,0.4619018020002609,645.6858000520857,0.4042687504641423,0.79
Umaria,2007,0.4109447406274496,0.2488354788383702,0.4598366311492512,647.7906053019506,0.4186092391702676,0.73
Umaria,2008,0.3916962813436733,0.2361422509260406,0.4520468575584586,604.4717310798462,0.4180859065491908,0.88
Umaria,2010,0.4185382695459349,0.262558842805947,0.4767349113251227,748.435770839122,0.3964800573466078,0.77
Umaria,2011,0.4250083520176667,0.2360315819725902,0.4861579324182135,593.5328947309732,0.3867285438186014,1.84
Umaria,2012,0.4002351373496653,0.2497318343124771,0.4473138459293978,698.6004203094525,0.4397678581446498,1.96
Umaria,2013,0.4153725834038439,0.249615598806566,0.4579280960802276,581.215378571299,0.4251548408293069,2.16
Umaria,2014,0.4613300744667613,0.2676278560004131,0.4918439000271483,661.7872591358254,0.4051250333319016,1.64
Umaria,2015,0.4810805657827537,0.2784999212752584,0.5013530025975969,746.9452736718566,0.4164479064514193,1.67
Umaria,2016,0.4490025845882113,-533681.7576798955,0.4811122399406256,711.6473890473337,0.4038749406846462,2.31
Umaria,2017,0.4422714128823156,0.2610876815260655,0.4856307696134064,707.4067326943436,0.4338583269699705,2.37
Umaria,2018,0.4302795722033085,0.2603553207489612,0.4791717562580278,677.2149665073721,0.4169188778641108,2.24
Umaria,2019,0.4329919519079323,0.2545040458417153,0.4761248033292635,693.5444375642832,0.4095213439674605,1.97
Umaria,2020,0.4888058468438226,0.2974482539322965,0.4995598140550306,755.3121195193443,0.4073641525660157,1.86
Umaria,2021,0.442590510550941,0.2632791644061182,0.4799352528105807,718.6776190809941,0.4068447718030767,2.07
Umaria,2022,0.4673474921690365,0.2787129869034168,0.4947701710375066,741.4983319087142,0.3955189232663896,2.17
Vidisha,2005,0.2874181284551171,0.1896961170972819,0.3514408004013181,629.7962812990287,0.5120949426594208,1.51
Vidisha,2006,0.3704826574018998,0.2366545239741427,0.4247564748299379,630.8275741963143,0.4605889967407726,1.67
Vidisha,2007,0.3344969027793744,0.2357023167985547,0.3886301608220577,690.0196598262582,0.4858940472332858,1.13
Vidisha,2008,0.3363583212530975,0.2153913644448335,0.4026480452813812,616.2966154981409,0.4726563647612328,1.5
Vidisha,2010,0.3425204800093541,0.2118005723948508,0.4126767541885798,731.9589199888811,0.4543298632605046,1.65
Vidisha,2011,0.2688505297862736,0.1684605928554014,0.3661078075828384,619.636745002639,0.4971316068554795,1.94
Vidisha,2012,0.3428142730117411,0.2228369911893824,0.4053635937160525,697.4881262151274,0.476578484926494,1.75
Vidisha,2013,0.3677404250540528,0.2417970644668436,0.4216505294400501,702.1030739561552,0.4589579373709294,2.08
Vidisha,2014,0.40155940154011,0.2481585113441224,0.4318882218224963,744.9750315265477,0.43974480395034,2.73
Vidisha,2015,0.4008018867099122,356785.86892161873,0.4350951512508092,725.7675705099535,0.4367125575276648,2.39
Vidisha,2016,0.390254397604868,263196.0168322613,0.4348482760754851,709.2794356486851,0.4420250121727844,2.96
Vidisha,2017,0.4010907383121522,0.250791309084636,0.4487910103825606,739.8973551562349,0.4365832460930073,3.9
Vidisha,2018,0.3896845319801466,0.2494081459341236,0.4395258376124425,755.494458499398,0.4409782661881029,2.61
Vidisha,2019,0.3727813395188782,0.2412309877158341,0.4238671591266904,728.6177188859571,0.4610102849587516,2.92
Vidisha,2020,0.4541933904960906,0.2996652812062751,0.4741572931381654,846.3910981367752,0.4111477249090907,3.07
Vidisha,2021,0.4020211064327036,-196324.58514158177,0.4367582198536328,759.409829177779,0.438199865639033,3.41
Vidisha,2022,0.445647385123772,872564.9759145876,0.473045915172777,826.8107459431004,0.4191829445657085,3.41
